var_1,var_2,var_3,var_4,var_5,var_6,var_7,var_8,var_9,var_10,grupo
-0.04609940025120163,0.026835959924633154,-1.2043676826706686,-0.09886161504875689,-0.04395706854694303,-0.12227261765857181,0.07190748215801344,-184.45227297352457,-0.0912304244722548,-0.07862570172508422,1
0.004099058185209977,-0.04515594792942365,2.6000703359167137,0.07784728068897778,0.014280104210172853,0.047264090553252265,-0.013708173345044851,232.92679533387246,-0.05433677470507224,-0.011092918356238095,1
0.02344388898533611,-0.10180684459290755,-1.2162273431064532,0.11860924500190717,0.04628748680876661,0.05927286749493372,0.0005862044126175703,309.07893603287664,-0.11645164713419211,-0.013822727505568358,1
-0.023145237074673256,-0.08684026840308051,1.6900550908770713,0.11486845479790511,-0.02069207276267692,-0.0194633367258501,0.0286106011735791,219.57079383046312,-0.15612132408245463,-0.04146046583512725,1
0.08151525573925128,0.2647296158502327,4.486057325095247,-0.24424854386358155,0.006024985986706131,0.1914539259306566,-0.257729511524469,-558.3068210840956,0.6141309750446581,0.2696015483915075,0
-0.047511668112176185,-0.0872134715176892,0.8254974788526697,0.09423840473947477,-0.035540938769260115,-0.04801330992251386,0.09170691994645312,201.52739450067327,-0.2075417090136854,-0.11167594921345766,1
-0.03420242207221777,-0.05469361977695268,-3.5845334263942847,0.04346938689923284,-0.05067495007831797,-0.0811008056164421,0.10679377925246941,64.27465377243941,-0.22275921628342255,-0.11992995413270768,1
0.00801147944475448,0.06732679687360908,0.9246053542918267,-0.10201371050935451,-0.033832796125004366,-0.11983985332143679,0.0624647668666874,-182.37117414369607,-0.053301954896277905,-0.09130038555519099,1
-0.009156061623241101,0.022141415631053086,2.562358250376937,0.0026231024289384494,0.03488542916057746,0.11150013134650626,-0.12191413152302648,-10.773687364356853,0.21842589467665702,0.16383298449515607,1
-0.09012920780143352,-0.20392989289481966,-1.074677851565005,0.10485997425710251,-0.030269340237705753,-0.32775203750213394,0.3151852729738395,335.7862601800928,-0.7242332442986821,-0.44528922577980745,0
0.015250675850668511,-0.044085970772121896,0.6961210133428269,0.09580665525736348,0.03528147317885242,0.1772686414808237,-0.06872635024623423,220.42113114743734,0.13757947739889534,0.16794428546806542,1
-0.07699974659395106,-0.026189644061653923,-2.025092346833044,-0.17304689623074387,-0.13174299611828924,-0.4741255124896823,0.3495315564654825,-236.51129173211055,-0.5918781432403384,-0.5083138522166033,0
-0.03319107293765926,-0.06558216845479478,0.3412881910006772,0.045718757869574696,-0.026977225812436265,-0.09527967678846984,0.13305798655484782,131.57206293299848,-0.240912249333392,-0.15804264589000871,1
0.02319008222915094,0.10120195610680964,0.35240889708338413,-0.12021259376562178,-0.028050966151009292,-0.02590128422345898,-0.03752255222081819,-226.6383459230436,0.1722185686578379,0.0243491962308984,1
-0.006090560178847501,0.05792104871120487,3.9980793587694143,-0.14507241572108123,0.002463693869103275,-0.0011253942502171736,-0.060076261481070134,-271.7654450422484,0.17776274098443384,0.05863874611578738,1
0.04662072457414131,0.057698149504173804,-3.5660499680210926,-0.00031659951197519004,0.02359524413689384,0.09243943409187588,-0.07609063343707492,-76.4987729027936,0.2205221080899331,0.10141901839310925,1
0.03750110091241789,-0.12190559274398317,3.6874242917691107,0.38068957172477913,0.11997534878435769,0.3933610374914227,-0.20935009796443207,664.4740421158219,0.22345371642689338,0.36016722074643437,0
0.06092184576973712,0.06569830313857056,-0.2661446976337466,-0.033571262534394006,0.00022555323396127825,0.06619513877008824,-0.0868687676532557,-125.69350544929286,0.2205409501791567,0.09606553803209683,1
0.009546094080250847,-0.08827018061619184,0.3855446984406322,0.1362782346739799,0.0518470447846935,0.12086283440075528,-0.05903285948516899,257.2361033631441,0.02090836113198996,0.07217204635396558,1
0.0943190083831335,-0.001711933025119025,1.4525003745903824,0.19389564100940454,0.13310734002096966,0.42571526148184496,-0.3265727688697848,347.9207421926071,0.5156601897586924,0.45849436475793903,0
-0.012632566881094778,-0.02960265663130996,-2.6819889781479223,-0.08214490785943392,-0.0671422964755028,-0.12295790595331665,0.05672374921621332,-125.11563080468171,-0.09940036762438563,-0.10321713679343836,1
-0.06779959459742255,-0.26906647738646317,-4.477835509166695,0.2842649557564407,-0.036104075744852804,-0.11848720842215213,0.21696363260216125,640.7922024067856,-0.6121771593892484,-0.26558003064247493,0
0.06632891463551868,0.188269408176089,7.433923476299601,-0.07463134647280774,0.10817322688362711,0.2937745862724692,-0.3388374236251127,-217.872197427053,0.6877589163627149,0.45814714687057395,0
-0.02606487808265633,0.02509500128355735,2.1735840186574444,-0.10592175186174137,-0.06602128896999158,-0.11630698918704944,0.06396578732110805,-170.07037617187004,-0.07628856393409228,-0.11582785503681178,1
-0.02604498014670338,-0.22874869732293496,-2.574862262734297,0.3935890643942659,0.06608640862138081,0.14657186906407735,0.07478044714163157,853.160168535652,-0.30668776288108196,0.022817695758503925,0
-0.03777128380437898,-0.20827043625218877,0.6152276957769449,0.3498757612192449,0.06481656054984321,0.2057804825777653,0.004258340857709634,786.2075640801962,-0.13382082422736474,0.13377868233359996,0
-0.12129195735340419,-0.16139299504695848,-3.6544748690744533,-0.06210605660687597,-0.11131249256682324,-0.4762298174591243,0.341524996114915,29.23372553420432,-0.6466487774460967,-0.5075202204704606,0
0.013671469009873177,0.09396946645510801,-0.3002933611300599,-0.18959129916793752,-0.004699293759699914,-0.07150713056462858,-0.018664235424410387,-293.7852373086832,0.02455897479474665,-0.052345001471029565,1
0.04518423637492787,0.04940251463027851,2.7428164532284898,-0.04160642326363906,0.014492809203466062,0.07602629044159576,-0.08379381013400293,-138.37499427999973,0.2320633931310022,0.1061132291717175,1
0.0004637997451003426,0.09529066644328575,0.8245150970982388,-0.10733173272258381,-0.06077860518545305,-0.04537286744589879,0.02046219569544828,-254.3602658654816,0.10966059490639987,0.010388656605246321,1
0.09450119359931268,0.11870255527189413,6.0818322434580985,0.05051871687143303,0.11427281678888654,0.3826548758961119,-0.2900115058414798,27.371487988836712,0.6076605196328059,0.4715839483977934,0
-0.10496457286718776,-0.20755063145527064,-6.561314946352573,0.180108444139673,-0.03175386857143429,-0.2919643691730481,0.2622815482468533,450.4740755598331,-0.6723397541837896,-0.4095956045594069,0
-0.028042449548177025,0.0018702390718560295,-0.17133049737768388,0.05448841747261484,-0.026879672537511695,-0.09587015122277595,0.09583300032780893,114.59580001818344,-0.16209009083131684,-0.14268282016045492,1
0.005341559449057568,0.18920720421660095,-3.053698922636828,-0.40137896284610275,-0.11807615484162577,-0.2808278773014216,0.14108346643119593,-807.3104781785765,-0.02874229844938388,-0.24278769188132843,0
0.0834009802378302,0.18464544107045222,6.084713195342012,-0.02585902785676325,0.14279944087864185,0.4169862452670316,-0.37741217684848816,-183.3714725710588,0.7585548255183643,0.513005420127955,0
-0.07100674356243958,-0.2919028876921063,-5.65003148524772,0.2995191148051256,-0.007241132751727366,-0.002254207434155648,0.13700659203086898,832.3633347622749,-0.4950921282563916,-0.1711558874406131,0
-0.008746749958810123,-0.07777317568091695,-1.884965758216274,0.11353772989914784,0.012665594401574973,0.006134082370320241,0.06386843502764229,219.46199284567444,-0.1493014132544405,-0.04748328069271511,1
-0.060993632077115466,-0.008453164054183957,-0.9752962221169486,-0.07755969064986123,-0.06490711845545384,-0.16711299840670207,0.13197761498109084,-120.53560283693035,-0.19589257723323977,-0.17250717273438626,1
0.018298831392474495,0.056061902350105566,-0.2837734796702345,-0.06771782865444707,-0.012844902755873288,0.054074365141357154,-0.07945974026263183,-141.66364741671842,0.19049968774599177,0.08795372755993001,1
-0.08400604470918263,0.02831041761850492,-4.443753598162043,-0.26976812161792063,-0.1422984183122741,-0.4419714645239355,0.27633674134858754,-444.4795649530421,-0.41210140073549506,-0.45214356068863143,0
0.03969265536078767,0.009072673913121334,6.931092081426371,0.1877553240885206,0.14622730697844802,0.4341390449432751,-0.2950569548640985,321.67321884470766,0.4892502724901938,0.5038419380075709,0
-0.10345049823547123,-0.11259397433005794,-4.412767081268831,-0.09511593232821819,-0.12692920979105746,-0.41129985750393433,0.3386296825365438,-72.05783856476471,-0.6449426596606886,-0.5116252707349347,0
0.08931571751230451,-0.022179342952685904,3.2519129666385136,0.2322300231161388,0.13936546119211252,0.4543414114525463,-0.26235493438589025,415.292112088307,0.4560222422355837,0.4641695294410768,0
0.007255498369065283,0.06178702405983501,2.6553252126561575,-0.1465418842230907,-0.05580237882546951,-0.08587099823096744,0.0002448779671346102,-365.714709725845,0.038764087357320266,-0.07052319527103297,1
0.05979041546846319,-0.05941939737012315,1.9814987701697415,0.284615517744694,0.1632825778386264,0.47908647943530264,-0.2610087190752716,538.3674537714095,0.40517316115198754,0.43687263291637124,0
0.02522508567980926,-0.12149019529791831,2.2377211040807183,0.303228033456919,0.15096666254902907,0.38293633050207165,-0.20869676473068566,635.7380441958834,0.25959980340950706,0.3621144609491309,0
0.030598839164361215,0.09786755171125508,-2.2120609757748215,-0.11348182860744699,0.04071885823342929,0.06111778864296218,-0.09552629577166656,-270.5636577237767,0.22544966669753555,0.13450885705289128,1
-0.0325474849120038,-0.01763816060296988,-1.6473625078952754,-0.017094817312844544,-0.06564560346978918,-0.12900966390948293,0.13443733796210686,37.24634396892071,-0.18118811453874806,-0.19163741492356276,1
0.055371256663206705,0.2970135508948362,4.161026484025672,-0.360779418847167,-0.021280971943156392,-0.022020216604908986,-0.1804806302162063,-790.2199708143595,0.4986331306324382,0.16373256398518635,0
0.04452540039812347,-0.03137184997055837,2.978156684709325,0.07155456689577587,0.023510312441758434,0.1384083952723086,-0.0802809067573649,103.24275755574054,0.21979105994552278,0.185997549956537,1
0.012822184211662526,-0.0015183015423750725,-0.3482568044930686,-0.028034260853720225,-0.05064092687638792,-0.12866994742499482,0.08708920733283575,-52.33991281521431,-0.15503167831269893,-0.1251938725277738,1
0.047737876693043815,0.05097888699385637,1.5731346067208491,-0.01675737161778774,0.0376195647571295,0.1296479429151301,-0.07638003929616369,-107.00840406375667,0.26860829619226484,0.15324036754484585,1
0.004125845291029682,-0.1664432893775465,-4.865099994290932,0.36605566507972503,0.1207956030096432,0.31478084163095715,-0.15112053364485398,732.7267748715329,0.12425807462463295,0.275862407949651,0
-0.024889721802428807,0.03720068150093502,1.905938812156,-0.10371433156807343,0.0019791006900833617,-0.12723546668759775,0.05459977710706985,-118.95231215835517,-0.1033111509674957,-0.14755435960477892,1
-0.03801553592883113,0.13315089210767367,-1.940121887495631,-0.3647932658236811,-0.1466541832321388,-0.4000098171190276,0.1669133037335739,-624.3089031643382,-0.1974823914058006,-0.36584640677190544,0
-0.03741564671385483,0.10717634672767072,0.7939008631215718,-0.2908282962512526,-0.10450146422844767,-0.3824808973037985,0.209675608190125,-650.079816434711,-0.2599418748462394,-0.3680581441957038,0
-0.01442383947295102,-0.019550756630014994,-0.8424567866789884,0.022461136414561256,-0.032135506446659336,-0.11842221583907946,0.11794459599882705,48.824382004979014,-0.21673725292357948,-0.13065786582176026,1
-0.005797181473370636,0.16413132366958103,-3.0237573802207,-0.35813883208590624,-0.1227300793914339,-0.33152859514129124,0.09654157019351245,-739.8344391550311,-0.10158133923174681,-0.30103551762339215,0
-0.01664964101661239,-0.2229957129077208,-1.3551061429553912,0.381011333472458,0.09080879520940474,0.1693830494780164,0.05939409776156717,891.3132354282113,-0.26418121078983847,0.05061580086108913,0
0.022907586147761193,-0.05707551614410099,-1.006557497401862,0.024137058030404,0.03193211413931467,0.13462301037911859,-0.07725071909610606,101.22496275246077,0.1479410011912332,0.1850221296287904,1
0.06955489283832321,0.0011658352652225833,5.968498151743452,0.23795959069307307,0.149865864187975,0.4403431261381135,-0.267828375689118,425.3863396070637,0.3953418668470907,0.421370665329608,0
-0.10911142679096943,0.06776446456747148,-1.8798822390898071,-0.3057040778085301,-0.12830733589319726,-0.42861818875911806,0.24075316625577153,-565.8407412926675,-0.34605689287600716,-0.3987042939492986,0
0.03203160823954698,0.0004039620785177932,-1.7444331068994776,-0.02631540985801444,-0.0319381441854081,-0.09375074088741477,0.019177900531621734,-111.46052136668074,-0.0536472113885191,-0.09360240829250585,1
-0.024592736777294504,-0.26814110211769354,-1.780392880276628,0.3809280842059135,0.04784113007922096,0.13236887565233857,0.06298494503166797,865.2239963630778,-0.35570556317453284,-0.015501243089705047,0
-0.036218090385458354,-0.01765362435474601,-0.8904544710460207,-0.0211675351644702,-0.04780694306077452,-0.12091040196713226,0.07498516506625752,-8.571800245932454,-0.2100613959018572,-0.1334497511078021,1
-0.001983616376064324,-0.06723704568318835,3.9971908591608685,0.08880454095199103,-0.01288699608388757,-0.015702525197357466,0.038022215918057364,256.0410795676601,-0.15778138206409506,-0.04967508443502371,1
-0.013400372226444432,-0.04349103151311938,-1.4540009358132346,0.03982188893636593,-0.034327887775945067,-0.011051517684115528,0.05275453072083765,128.79334224675125,-0.1352037289602773,-0.09442701078748363,1
0.027002425910699936,0.03052405770326121,0.30245588888289127,-0.02286248661899815,0.0004982139987916497,0.12674368090492594,-0.11894353115283876,-24.637093854852118,0.19877735260258508,0.1540846023506283,1
-0.03692396314162718,0.0031122563378448965,-3.4148619287849478,-0.23104258839103445,-0.1667827609880648,-0.44811200327822487,0.2929451089273407,-349.0422824823368,-0.5209168953125194,-0.46151932643798377,0
-0.03521450345046834,0.02007732421593629,-0.7354054463211329,-0.09095133721706843,-0.037504951009988644,-0.11439127957980308,0.08814846559136968,-166.58700314862,-0.10067818564708421,-0.13805307878998674,1
-0.08356129549277709,-0.12676345278597306,-4.040894906815655,-0.038621131749068276,-0.10142116245323318,-0.4007074907491806,0.3122563427617193,101.42671527606072,-0.6079802441411662,-0.4961307103511284,0
0.026202340879363836,0.23014529308682602,1.0310219784952366,-0.4174050139729763,-0.07188210491772458,-0.28241336547771595,0.07806566754359341,-819.2526446119342,0.03784956657807762,-0.15589115808649295,0
-0.05411561106763461,-0.03068511400133295,0.9502154871017212,-0.03556099067486169,-0.044648236438558524,-0.13766315357760014,0.05171035900115987,-81.51924292288015,-0.16315947571217748,-0.11439839484897679,1
0.002581898739340551,-0.06861687242333649,-0.10923553825406779,0.10763820544199303,0.04307449528652361,0.10243440888131303,-0.03750860018927095,262.2722177668739,-0.017643580068564802,0.04510153468701901,1
0.04704807759921968,-0.06069054397481071,2.813880088866469,0.26848653680665524,0.12721899527985522,0.4461577388691761,-0.25001614674465056,541.0521277655562,0.3934904612449895,0.421948529755853,0
0.05562422330758064,-0.054082030339074244,-1.2392544849332559,0.32395103157618355,0.16182639246491742,0.3976503231823313,-0.21183712146663838,596.4920325885829,0.3274163557305289,0.41028143462780875,0
-0.017055167904973134,-0.08468035904632508,-0.14521220828848772,-0.026891426181376316,-0.021222535673521673,-0.06669637872769871,0.07928469887350972,72.87073678369694,-0.17351407426222076,-0.06974908876734978,1
-0.06933771856568868,0.0542725782165313,-2.0465742065508614,-0.2982823497437865,-0.14703115167186062,-0.402778717188649,0.2322565409065175,-595.1414326657958,-0.29473220362441505,-0.3577410636723507,0
-0.0506724292843005,-0.04607907856990921,-2.1860189308378093,0.050517573370114435,-0.05202839041768726,-0.14988653861612608,0.09692182501307116,37.65961420168466,-0.2322708476990993,-0.19208891297317834,1
0.10529075188438868,-0.0244326268043139,2.9323470766495285,0.27408711627948684,0.1754290159331178,0.4992941880771254,-0.3182516006841053,491.24822705203246,0.48264207897352873,0.46115698402569294,0
0.009910791585319469,-0.05554430659063949,2.233540808986,0.05805528147395373,-0.01037535956750204,-0.02391219279289948,0.025007494896793415,148.1596992734756,-0.06634026396763036,-0.08147085793696955,1
-0.09685635834277398,0.0036902968005082396,-3.669511687274849,-0.2739814218808766,-0.14935145533841532,-0.4375370176112314,0.30915737850241526,-407.5780941812416,-0.46827187681799,-0.4219232048879867,0
0.04885371109739855,-0.09033136032212531,2.735544975448778,0.3086171902032318,0.14043963106792842,0.4230339006538331,-0.20763973255844081,618.6183601659178,0.2898300433907096,0.38666677816069933,0
-0.058966125750344024,-0.004725220122743357,-0.8444933280334983,-0.1650570179726019,-0.10454063025687162,-0.42105133832477987,0.3434860287017288,-303.80068109263647,-0.5034397601283744,-0.41833980121329817,0
0.08717597542377256,-0.013199998802674149,3.849498020437302,0.22642866798985162,0.13686629059523023,0.4481387447489231,-0.29871815247248246,277.55377205709897,0.5105509958707994,0.48757331351230226,0
-0.028118974516887565,0.02409867795224276,-0.8361909422584354,-0.04376208460415784,-0.044467981741572064,-0.14567386532043294,0.11376482171664945,-139.09278223373968,-0.16775671443054158,-0.15569879375046805,1
-0.023992565602151527,0.07436454742856695,1.0394998068268484,-0.1410808736927896,-0.030033540013054236,-0.1409484169148233,0.06733784071449594,-329.51667215841667,-0.018144735036460146,-0.09061254138166082,1
0.010126355925916986,-0.049160227338830166,-2.6755767241666346,0.13599791006265816,0.026398146320086382,0.059416314167141986,0.03349696296840474,271.3784658844175,-0.06632586028052388,0.013028097609572395,1
0.024841534073135146,-0.07360442430532747,3.6349632008102075,0.16965058048035644,0.0542121986576382,0.08448277560356435,-0.012935004397113386,277.30344565891335,-0.0015451055940308104,0.12376287666555073,1
0.08338520013776128,0.02103886787991648,4.521378078690933,0.19657243802730134,0.15582580908010737,0.4480002439152853,-0.3190766633857559,337.54902841078155,0.5483878211843863,0.5153519253388684,0
0.08002552559314746,0.22745900690386767,4.585368703217319,-0.11257145515472361,0.07629219772762057,0.27522468496487557,-0.3102295970811592,-392.9095161105164,0.6330568929911666,0.3922283783780498,0
0.04167389604296926,0.2425156306650979,2.5374372080520113,-0.36352989390772256,-0.052625848425841594,-0.024268442669239804,-0.11426436262877626,-771.0416239888733,0.3558041804389836,0.06436501900035074,0
-0.041007622923360715,0.055485345253937154,2.1619126510423787,-0.14828579026631572,-0.07768370416318382,-0.1734936308044919,0.11973359729220323,-240.70008677075487,-0.09105847076393557,-0.15015505886293465,1
-0.02504765884156062,-0.2295778558263438,-1.0693389741676849,0.38972157664101725,0.0660938007980026,0.18095805612579519,0.051073090518336486,891.0803156138005,-0.2808250796086244,0.011967348507032488,0
0.007344588091549114,-0.029357551685354914,2.987734623915986,0.10258814114409075,0.04913111529967614,0.06634120983357154,-0.07849254147775339,207.9696667873397,0.06190165005409015,0.13132301678028932,1
0.06071536941172584,0.2722142916311586,1.4889755826954045,-0.3565432767825585,-0.04215904863571177,0.05619184570565949,-0.21001022929853674,-756.5832630934003,0.5846116370649527,0.2193039756933281,0
0.029236327340666696,-0.07857629562808612,-0.8531893064172722,0.09475772623610415,0.06926563861306428,0.09978902428097794,-0.024680554079910797,248.66796422674713,0.04658295433712678,0.08754496319244763,1
-0.09583111218353263,-0.08555825020036338,-3.154417520181451,-0.10359766080532619,-0.14691456180977225,-0.4261254161738261,0.3191066055806518,-77.50231337573479,-0.6500228866165221,-0.4828755320746947,0
-0.09820686172305208,-0.002039860059184439,-1.8286840046985189,-0.2275413618036056,-0.14111507655368566,-0.416230534498112,0.2790919820075143,-330.5095224601994,-0.45658308232265454,-0.4417450873211838,0
0.02505942177393827,0.049860503714761834,0.9881691262631912,0.047582942993907196,0.050347717043254775,0.12573590709118054,-0.11044967606362192,4.974714490830405,0.18178180973256233,0.16596435847460927,1
-0.01067800300550287,-0.04505624840793438,-0.6210793517891233,0.0990324637140041,0.02682651481845359,0.08130189250983941,-0.0013518020088654533,202.47181949889972,-0.02442554699903779,0.030014566565231188,1
0.08600332760305651,0.14166502836325517,1.0716372269615004,0.006479930855838914,0.15158962193312733,0.40860163388263576,-0.33348104386162264,-81.75053305442651,0.6550186780668447,0.46585737169889074,0
0.0033282645263766953,0.051806169769696736,0.16831818047344868,-0.09213399513230883,0.025349659217274566,-0.0027819822827858877,-0.018237607010520587,-235.11257504793284,0.13712238870514498,0.076405350383608,1
0.03908642244084146,-0.1584477293315382,1.5765210033046884,0.34031253167212344,0.11645619402482363,0.33616655237964566,-0.11881337974380046,764.6442596439168,0.13813837222895856,0.2712976998218263,0
-0.016266326533847814,-0.04999440616099035,-2.633668154889438,0.0032179425178930766,-0.01955862335070893,-0.07052855297789644,0.06009472920074774,98.29211189058385,-0.20685052423413075,-0.09508362000907698,1
-0.04697706482403623,-0.11853414423711972,-0.6111409142120536,0.10086742995679612,-0.03161632848306793,-0.08660042589034343,0.06750804328506813,193.04753261726387,-0.23691737292126375,-0.10348768823214197,1
-0.000691211861679768,-0.008129998122645567,-1.5823343309193147,-0.057316129706127754,-0.03070010653998759,-0.11998826763398603,0.10099950641410269,-144.81969359846346,-0.15255061461556518,-0.12502755753146785,1
-0.007973669094154421,0.05665233268063791,2.7601177035595987,-0.1338748702530343,-0.030774441710286066,-0.023623024148322944,-0.04927311229313776,-261.83979963087467,0.08895952369285613,0.03838410642217977,1
-0.048226829914598535,-0.22553153844183765,-6.802035724982291,0.22572253128651015,-0.023741990358191745,-0.1834820909409812,0.24242924929831816,538.2629147276567,-0.5818293459128477,-0.276450328802748,0
0.028853883166543002,0.07374012910517067,2.4036790680272286,-0.03643138075642647,-0.001844086259795033,0.049952934415770596,-0.08642439499645535,-127.30165490789693,0.17579336159929307,0.1449504378737492,1
-0.047787090236582466,0.044992181501067686,-4.055637037324987,-0.07782855341256413,-0.011275552220476912,-0.14768859212122365,0.07393652283935792,-229.49747718057768,-0.08728355446434521,-0.1270729574398578,1
0.0009297569513207631,-0.041848023550211805,-1.9442809121235676,0.07215269921603164,0.05652411474297598,0.1190965225455719,-0.08175640628546729,141.9172804404076,0.14095760704778618,0.15603208535530924,1
-0.0069268037587013115,0.023854756278434624,-1.1681114282456626,-0.0909755865300103,-0.05384841082294267,-0.060494531356160244,0.014608905230110375,-160.79336216013746,0.007294467991383074,-0.05089082000974798,1
0.031474101768877785,-0.015445150166365265,0.014683657735182825,0.12262692769207519,0.07618831239461112,0.13310891080567025,-0.1140064084878232,147.06085766549515,0.16005855219200485,0.17104573295143696,1
-0.0955490238265405,-0.06976511524662253,-3.5451099430130006,-0.15109083986665078,-0.1357546546459427,-0.48282017806997896,0.3262396962449364,-202.00188739571672,-0.5954492257694254,-0.5228951950605469,0
0.04208424713483132,0.27738884952115783,2.184782051835828,-0.3237842235660584,-0.018311867509066503,0.05217954761497569,-0.19248764239857832,-727.8406924743699,0.48914394655659554,0.1385612325369517,0
-0.11600964565521377,-0.2246913030127291,-0.25616781922628346,0.27667592452294676,0.0015641393724517582,-0.06827219114279244,0.20821404348103267,685.227413311772,-0.5522335966964073,-0.20220381661186246,0
0.021431262550256968,0.03652911889579939,1.3229636102151534,-0.10132640715699778,-0.027904211049976452,-0.06298170605210739,0.03461424237326813,-233.7794777331883,0.03884969548232421,-0.028260732831751262,1
-0.03188970308703201,0.024864426114835272,-1.0671726434015505,-0.03464247354385106,-0.025783931921390214,-0.0824321968879084,0.04199629932010727,-146.67304622989772,-0.08978977745432369,-0.12136151532762855,1
0.061815068300644496,-0.08636331903646634,3.4397247196689005,0.2668196625456486,0.14865031420257485,0.39463463379975344,-0.24688283488914237,530.5500937032092,0.35764308040070936,0.4421632302027727,0
0.008234847357304332,0.04861351338998789,1.43793161947516,-0.028780905845603645,0.010002111823783947,0.04063765269460865,-0.09373477842699847,-144.51706643768307,0.23207972269684135,0.11982242354750797,1
0.08891609479698064,0.2967124769978264,2.322014551444406,-0.31168274271004637,0.022531004188515887,0.10114323236487642,-0.20204518456426554,-705.5755092109838,0.5454969080575596,0.19609480197741225,0
0.004500495376297112,-0.04895994644550705,-1.7441099217842533,0.15068679434023477,0.016977527340497005,0.024443292927501626,-0.00045025230385494625,269.6795000983364,-0.14887019215490715,-0.008381583686578792,1
0.028565966114611204,-0.15008847457110033,-1.6630932090097292,0.3871680295250761,0.14011012653422944,0.36429416219288313,-0.10054214726590699,843.3009998352325,0.06946539338400208,0.3003255877200246,0
0.0027344368472554726,-0.2383589747770161,-3.143657779227426,0.42419649842631624,0.0960057602231989,0.23013102939858185,-0.06386637807576422,886.5667382001415,-0.16090127698235057,0.13002492893399942,0
-0.046599397389593865,-0.02461284426588723,-2.6355958967670183,-0.06654952059025253,-0.034824542133245845,-0.1313949295017211,0.08182507116904701,-124.31844816934736,-0.1342516234169351,-0.15051989206989985,1
-0.0466156811478041,0.0001817332907143141,-5.313959505581683,-0.08640028089016784,-0.031747584143728934,-0.09662822972221438,0.05744392794362365,-93.94234474413648,-0.12212958220915865,-0.10250150741095135,1
0.03765962786180331,0.23755638813927527,3.2579908530493156,-0.31759773931389057,-0.054730349492303695,-0.034896561776578766,-0.14801019951589225,-737.3588659260745,0.3858535141411949,0.1053810261140937,0
0.0042635318206366655,0.07108562769576389,1.1498676842865776,-0.039736758349144606,0.05821979738100513,0.10287725473158657,-0.08748924084088003,-67.33560791544267,0.2028084996536542,0.09965860959944259,1
-0.019095163089110082,-0.029583935670604394,4.482480683570784,0.10729413063969563,0.03981051912665477,0.13943816871690287,-0.07680688479636359,215.5693569135601,0.09588185972538538,0.154008682257044,1
-0.0407284022670485,-0.012434043788571852,-4.412803073197499,-0.029324076500106513,-0.019620720591032103,-0.12568418627290134,0.13720190778873573,-38.3774961710139,-0.18652534094246742,-0.1635988697743952,1
0.010528129956097722,0.047298394682194295,2.0300054317956415,-0.00305036280952995,0.06750483109944917,0.10503503993418908,-0.1098249123091564,-44.30543530273918,0.23500332628920265,0.1312216583724934,1
0.02849070459052432,-0.14065246812952154,2.698148114239416,0.3045568589457057,0.1645056016779344,0.4405672413067125,-0.1937980873283343,756.0970012529652,0.20988435922530374,0.36074582751124556,0
-0.002430418365188849,0.08276773287063788,1.15770054398362,-0.10869989205283062,-0.03811445823739122,-0.11117292648224239,0.02198448889026656,-290.37784671005676,-0.019188804679908612,-0.05926637993805703,1
-0.015616245452308972,0.030382520571341293,-0.6376585533180646,-0.07153065239743249,-0.0549426592792671,-0.03543226854542444,0.05019118090325877,-165.08132595824935,-0.025380714997104648,-0.035107053873672384,1
-0.08160679680610475,0.02693757253363474,-3.600344277775877,-0.23517313893778966,-0.13619158723351604,-0.4714387621483385,0.2829184378563378,-426.98982554783447,-0.48552985345474403,-0.4317191568214505,0
-0.08639496150619275,-0.16447024822279277,-5.751342369970156,0.034115113892766516,-0.09449712697099769,-0.3371836182296931,0.30526549591094315,188.9134207564137,-0.6664670938140138,-0.4306408479070552,0
-0.04934876865831359,-0.22669108180759878,-3.7938763535901185,0.34438784563364017,0.05582369830252565,0.20680717950943933,0.019376891456807547,865.1406769095431,-0.2917795899738047,0.07307877260825346,0
-0.02920852129501645,0.11952268886841426,-4.1186677834337795,-0.27739313460970544,-0.12849089395219598,-0.3374254524085112,0.18038873012516474,-641.6557213417394,-0.15941450450909272,-0.3180050883054511,0
-0.10621787134224399,-0.04774400203650505,-6.616750530873566,-0.17706612924497514,-0.13980015557732736,-0.467931144464596,0.2818080441185891,-252.04415177010324,-0.5621896596011916,-0.49799129777092455,0
-0.06899674683013839,0.06292736134728656,-3.7048865497744097,-0.32816613894186497,-0.12501904601259553,-0.4086559105020697,0.22469389540335716,-549.3176642053289,-0.32206732662349136,-0.4376384045964954,0
0.004168458053524178,-0.17859236387322125,-2.129871364805022,0.3351622748025316,0.09328672473985097,0.24551388360396903,-0.10621957503550776,718.2700816931662,0.004123374860594875,0.20473027620541762,0
-0.02769589785517049,-0.05665552457229308,-3.583028442892517,0.12445092783475223,0.004210779390353602,-0.002263225413515368,0.05353528064228258,217.61973969352647,-0.12346438758276078,-0.025913546174650214,1
0.07452598509850643,-0.1133679013140069,1.61966421789796,0.34290526473414795,0.18121979662763654,0.4504601561978782,-0.23920247015135299,727.5426954452881,0.25799362158816497,0.3582871502364088,0
0.04468910113698849,0.07259250199276723,-2.036136154280952,-0.020447076764988435,0.021627331646062203,0.08486413755874823,-0.060795081959143786,-117.32562958142618,0.21870087890332196,0.17184388308852092,1
0.07669270143711812,0.006442321925608825,1.3281512237807092,-0.08100255045431229,0.030309204048169777,0.028830842955082845,-0.09409260831975777,-226.8704850196358,0.20263331687865194,0.10208669482225133,1
0.013025172795998404,-0.005272422623704857,1.0094925653793823,0.07310664232673367,0.05129205816329709,0.13466786626082122,-0.08519583055536285,156.906636419911,0.1663942470521932,0.14131099510279327,1
0.0595857131731946,-0.21450129121500391,-0.8096644444747302,0.3932889029065009,0.13901922016621804,0.3132334425516819,-0.0835773846965163,808.8700745434631,-0.021749829342830873,0.22989611820878422,0
0.03709682361797744,-9.59528453823013e-05,3.0127420651580614,0.0197446120746454,0.059931897051771085,0.11061327257732385,-0.08284059343558073,79.57467284964882,0.11761578467284949,0.10808093378551767,1
0.08093380331708298,0.004644247760600716,5.346331249535735,0.2037094597692714,0.1459175372115318,0.44326854888207057,-0.3359521960058433,285.98727194114116,0.5372466035232166,0.5084937968721138,0
-0.019554825627289742,-0.04362527611214438,-1.4093501725474007,0.057819564938685154,-0.008632730897799524,-0.06184196281765439,0.07558873248006355,150.51866799730354,-0.17449917331397338,-0.09320790944990243,1
-0.065019913212843,-0.2640867606345844,-1.481718293423875,0.1850002386401575,-0.0711799451326871,-0.25768097872158907,0.2727680655665545,449.6346569681046,-0.6505715953659192,-0.36229250488900433,0
-0.0042401951002435725,0.06315600409358037,3.137377188508226,-0.08729111873425986,-0.012986369296760593,-0.06935568829529658,0.007381623165639572,-223.78086948665054,0.0383566952763533,0.015394765479005368,1
0.09305401375446698,0.25179669564252766,0.7541764924345457,-0.2668138984747705,0.03408225301350467,0.050111019785996615,-0.17725178345609513,-671.2756316240568,0.5217692115248752,0.18696725170177383,0
-0.020573609777784125,0.0390805112762365,2.405113547858902,-0.1258699734743768,0.0002438190436837562,-0.06532840690576058,-0.061861510295260255,-229.3037645698236,0.10225892683826147,0.026036143243300183,1
0.04446730729442941,0.24513701091592263,4.329173688907308,-0.3630125840563377,-0.048006173096200776,-0.07714195919378337,-0.06326071523653225,-790.5606770185033,0.3001885438431445,-0.0054592447683527445,0
0.07515341738681305,-0.004527938615791426,3.3783259694623666,0.2835099206450824,0.17228978685348037,0.5235505590927145,-0.2717570152935689,475.8446049087312,0.49322031581856246,0.5432207996211645,0
-0.031586898436424905,-0.06196285070993931,-1.468381142689315,0.08390347385098029,0.04187092308253253,0.01988318920133402,0.024578263698911546,182.6671163684573,-0.09219423191907246,-0.03156617368547718,1
-0.06510599836924774,0.002034226853611759,-5.2012654020500815,-0.1939682396746754,-0.15596947714709775,-0.42227972169921696,0.2966237662494727,-411.18122926976815,-0.4819373096428912,-0.45382701429668915,0
0.05207820170193469,0.07435702647462962,-2.19856759996821,-0.07489573637282493,0.027978880582855158,0.08304451953639555,-0.12173792377974005,-125.97934469833447,0.23712456097011014,0.14980776097965356,1
-0.03421698253529443,-0.022430862924002558,1.1700760664259906,0.03638345619514166,-0.043343389747821856,-0.07143172115747866,0.06940565523619906,125.86478487162483,-0.15033192596413006,-0.09531641196999967,1
0.017040613134006975,0.0032476316668364033,-1.391575951473597,0.09872160794096643,0.024454646224520094,0.06537434276056532,-0.03156074318111367,176.85400586174018,0.00863570675718447,0.11880218534737233,1
-0.025498168163783235,-0.0324772632344361,-1.970406270295236,0.040420382412921174,-0.008055129827478445,-0.07298671995740243,0.09325057515534603,70.41861065446628,-0.14849503923847396,-0.09897041377188986,1
-0.03434012884878823,-0.08444878031814686,-4.0834073224613805,0.0963871940575314,-0.018347027389884866,-0.054415603260683613,0.06389506671748223,210.73189513123427,-0.21523456483378034,-0.09764396583633497,1
0.014144645112937318,0.04029108156961647,2.4895066071381744,0.0015341052102277367,0.029256962392240134,0.12210783536808659,-0.07973164583364027,-48.91287720003669,0.2132823200400763,0.10084331521476313,1
-0.03705506934055631,-0.05304135277831896,1.292010259327013,0.03729060045482508,-0.02002914644030964,-0.06189889073168792,0.06713150067087764,170.10878673823518,-0.18904899284638293,-0.10974567591662926,1
0.07488364484481191,-0.0643600243589628,1.2475487862689079,0.2696236548677907,0.14170727412865944,0.39419230820179096,-0.2202264561371708,527.7247701432606,0.3787252447480362,0.4499452363404459,0
-0.0215791767043091,-0.09041969969409787,-1.1056877601520754,0.09341010936158259,-0.018051813016084644,-0.0299201259096705,0.04828092017435103,207.06778237122347,-0.18315419603795668,-0.053891799991894085,1
0.06788093700975614,0.040303602511691544,6.2024219444590205,0.24252951212580878,0.16946432930989327,0.42766298123143437,-0.26630128223690785,352.8720852382561,0.4255854650830744,0.42174152948073257,0
0.08518857901299601,-0.04856918418186568,4.109764071482816,0.2697795472130234,0.1421077598476565,0.47087558992365264,-0.2880988107436355,449.85645626528805,0.48063776486154103,0.4217873082467023,0
0.1087901281231714,0.13430199958569602,3.714323221877335,-0.008697150833529566,0.13972564738891477,0.4129992146268289,-0.35564732143099437,-83.52849919626375,0.7099837525368019,0.4828278829909908,0
-0.0064761788999212425,0.23933140859080496,3.7530216785879027,-0.38545972048503324,-0.08255208736049705,-0.18869526295425615,0.028376906454971953,-808.8253492272097,0.12887529169671594,-0.07234941278040165,0
-0.10767166849109018,-0.1493538330734888,-3.8747473282206597,-0.0449337365308408,-0.08883881930711815,-0.41501766744242663,0.33997971893948553,71.72973795280718,-0.7107424713670557,-0.45710881579640666,0
-0.02602789642676943,0.07883741090030096,-0.2303512370505098,-0.13468994548199445,-0.019100227424446368,-0.08055121512857862,0.031637879887430796,-225.55783089291694,0.031102742774654035,-0.0327728809170178,1
-0.027641677718504197,0.24418602812271334,2.7482421599096547,-0.40805192098301024,-0.07066688090820782,-0.20030043804194705,0.039914886977277936,-894.111609405626,0.16458859896063693,-0.12830457118517963,0
0.09322222926637053,0.14668224583550973,4.908818278335293,-0.023455816402830905,0.07961293890809214,0.3495455359778037,-0.3530335434539606,-94.22349011739617,0.6867573631115436,0.4770579587495637,0
0.0312903293196295,-0.16594954777397505,-2.7869265497693068,0.38036210025659845,0.10169030826516758,0.30056391258117154,-0.12321449894351026,747.4515057909905,0.1005686416025727,0.2868104312564637,0
0.02634579456244013,-0.15086385458071325,-2.1546156362938844,0.339525142883857,0.11975431215810467,0.29601424817762056,-0.10232926249961154,727.5913179711956,0.09046644934687458,0.2598204127415582,0
0.03871649242042191,-0.0009081405814059414,-1.9384847225127149,0.06449788995746095,-0.00483641673279187,0.15947480799770503,-0.07491773803477382,135.35053302010948,0.1331758277074192,0.15135058279130453,1
-0.031595887722445794,-0.07739727382884592,-3.096750107541125,0.1051291196220257,-0.0057361476671940375,-0.04009708896378995,0.06814445218718551,167.24179571981944,-0.1638464188968591,-0.0616893188622132,1
-0.007398092605702372,0.2088128880247572,1.305546548506953,-0.42458360562425623,-0.1108804159052216,-0.2676206075382663,0.04182987233179581,-881.5564539600002,0.11556998272494116,-0.20468208815731737,0
-0.02967557788861636,-0.06402316721759317,-4.543367039585884,0.09613216981161943,0.0381676575727172,-0.07212937043599368,0.10312368844178761,183.15117994466405,-0.17833793185646668,-0.07072083885798924,1
0.07458143480880954,0.19993204478124404,5.121463077237711,-0.09477998354256721,0.10216926230918263,0.3437901780965756,-0.3100311626543854,-239.38056114869602,0.7095421515624232,0.4470832424336931,0
-0.009490503215489268,0.02210169949644389,-0.7409735350697186,-0.11025956672041594,-0.042314090876733566,-0.11730578436943606,0.10194651542247588,-185.73808510881457,-0.06541535042737215,-0.08417522759100507,1
0.03147683552412215,0.01532511669866298,2.198035191779951,0.07552283494116659,0.057113897770933474,0.12583704681656557,-0.09725394844331035,107.11699848648871,0.15947616586669527,0.14698457251233532,1
-0.07586043906349645,-0.1810419184861766,-7.646879070366309,0.12914627667690962,-0.07196795205995346,-0.2896499278789159,0.3283142144503991,395.2633005124979,-0.6551242913216483,-0.4255050182288394,0
0.07792858742695827,0.10268763010342528,7.545192854501856,0.023520488873727975,0.11646534580361208,0.37225978245067814,-0.34652016638152977,-60.76551211903963,0.6660079606328012,0.5545240118805239,0
0.0633538332963166,0.1727827077691592,4.387127472395782,-0.030084485001866126,0.13155768629697018,0.397759373927795,-0.36545567880560065,-138.98259823188675,0.7774174518347053,0.49796215341013605,0
0.02253059119497402,0.09417813913693221,-0.8066460599120568,-0.09206278536521684,-0.01614346586082348,-0.05747785003070813,-0.013754856919493729,-238.82592242397985,0.11079923279529146,0.011823884190223927,1
0.019507958191522196,-0.06021099324910483,-2.811102096014103,0.16541316395054056,0.010286696411745925,0.11068054465660196,-0.08140362767074259,303.4879269721373,0.0016196211954924065,0.09873764339593558,1
-0.009986512795474235,0.022504229529802768,-0.5174063581665127,-0.06148924718759212,-0.0031669015456057474,0.023181487856200944,-0.03927403590454077,-212.30855298299656,0.13343361047824176,0.049469448098299784,1
0.05492547265935365,0.023816032002767787,-0.4312379942693689,0.031173145478617027,0.038737232383816926,0.1358159107633469,-0.07347601242504714,59.98032654035302,0.135638523302217,0.09562886779500493,1
-0.00973076234313052,-0.1085276986833159,-4.296646922089921,0.06898560529181062,-0.008372649656535051,-0.060731820392739624,0.11086026787729561,96.7048631884376,-0.24190074075992798,-0.15857301714645944,1
-0.024456435395913037,-0.2599874138061313,-2.9656630226635263,0.3562986129980794,0.0569488469973639,0.04466933034459964,0.08366722173928821,778.6647114672144,-0.3703081348963012,-0.04983317675395221,0
-0.030666545490087634,-0.25519493767955964,-3.3572056436694093,0.3537649180742338,0.05814318665344897,0.12419639629814767,0.057420286326815145,837.3177139089715,-0.35511176534128974,0.013860184136686077,0
0.0678623692490505,0.220173171446968,5.360042425983845,-0.16655136984681612,0.06024942681590738,0.17488374277671442,-0.2725992471753295,-487.5030057526618,0.5416184311970857,0.29880034179250037,0
0.10862632773274264,0.05660082705692933,3.9487987952416237,0.09480402991386881,0.11483292633165221,0.46153254335540544,-0.32676438097929755,177.06574264986537,0.5849247461263503,0.4944287154168,0
0.0055330504892272285,-0.2764862438218384,-1.0760790023431321,0.3825929678913245,0.05533723529272724,0.0942043784360042,0.05548016727492371,836.5612249124277,-0.30849380999885406,-0.011595919081203526,0
-0.008535656561831775,-0.01896348239129487,-0.06779339692524906,-0.006688259183320116,0.0010192178066463875,-0.10614898370489473,0.12824541200706235,41.13975669862817,-0.17663950900084424,-0.16453290951751878,1
-0.06306668623173095,-0.05234502822117895,-3.940525135116869,-0.14973176692803697,-0.10319101837949086,-0.46736208497854975,0.30446975938468085,-312.34921409873664,-0.5568436280374497,-0.5215317697591424,0
-0.05525755464228794,0.08939066831840947,1.3578503875526278,-0.35003692905135175,-0.1606219390700757,-0.4098461550015747,0.1902715826781004,-691.7325551399874,-0.2422020305210599,-0.3855701858380927,0
-0.027499045332370173,0.0027775139942807074,-1.7678478240012803,-0.08689208583799031,-0.08748931335097891,-0.12152233133222769,0.023905125111773524,-212.94113122808446,-0.07902796290976295,-0.13027127895643123,1
-0.03731602647733884,-0.056016867524160026,-0.4203275399190861,0.07360454164531875,0.0124031420193086,-0.0040461058254835,0.05148813087602389,213.7989097424972,-0.1787982086979396,-0.0419600696422519,1
-0.054910916781096074,0.007836297893287334,-1.3586175851143376,-0.07172917053210347,-0.00881755011073837,-0.1683891185599434,0.1083937411121482,-149.4500826788814,-0.14643676748358062,-0.15728302495741286,1
0.035316671412241374,-0.02226440546693927,2.2318183624755568,0.046437935108421285,0.07092493990481344,0.15627829471483365,-0.06953461882588387,79.81275514265468,0.16354405871820693,0.16959350451387686,1
-0.04118841865972135,-0.04007314192629838,0.8073997371101543,-0.03544701968246161,-0.05628678070658464,-0.17323382528785644,0.12263411986924971,-65.68298617860364,-0.19494787186565884,-0.16818304514790833,1
-0.10506725466975556,-0.27863628231782056,-3.3125241589812893,0.23810226514562577,-0.006018341891797783,-0.14734205451820429,0.24009809217146472,649.814906568795,-0.5723561914559384,-0.2753431337058688,0
0.02661045189611782,0.10085485150476689,3.1518466568401107,-0.08702158726868407,0.03584044145635686,0.010052372070274963,-0.10695955765953033,-192.83789827277866,0.21578842218650593,0.0728929705837144,1
-0.010182948633528466,0.1915291431636115,-0.6584169661371376,-0.34750779752337657,-0.0726949007550288,-0.25418619235161605,0.048510882278709574,-774.7812800000719,0.05360806592784056,-0.19985149446894082,0
0.04182185260246269,-0.004182987846225406,-4.1566247737001305,0.0612044607589581,0.04823638364547776,0.1462656444140973,-0.08628562863788153,116.22236948726312,0.16553466224350563,0.1707862250474792,1
-0.07668278444587692,-0.015125418242878193,-2.301638564938849,-0.15084087634844803,-0.1373387174789034,-0.450555844482774,0.30981418562394947,-317.8575001830349,-0.5165261020307731,-0.4753312125762074,0
-0.11542818672341128,-0.23399445640483688,-5.773421260207594,0.1396785599023235,-0.1111863135257453,-0.27125901517995327,0.28233227150401363,437.569857072575,-0.708405116398609,-0.40825597572072425,0
0.029013807472379208,0.06487580105594573,-0.3532140870560767,-0.07719755670860977,-0.014889022474732647,0.027482178543980558,-0.06847823167897807,-193.6688874812797,0.15661347782189772,0.09329361323572005,1
-0.0019293861356041826,0.030650484325471294,1.3798719125673353,0.0330316914290001,0.05211797022801952,0.14787646446204022,-0.09698923222577857,82.58869569931981,0.18105052202649122,0.19490467756494012,1
0.00986613812630352,-0.06366613993548938,0.047830917409567617,-0.006333727534304216,-0.01673503913154828,-0.09856782456776628,0.07888153160694877,49.7079489180098,-0.1857367750799966,-0.10005826197933096,1
0.07951917408846476,0.07346629114257737,3.699009550841599,0.1485348917404809,0.12644153622194296,0.43786584552829066,-0.3197803078493584,161.99399810447773,0.6360833458863165,0.5202446230458191,0
-0.0278115756412498,-0.09215722817436289,-0.15608623627569795,0.04333045116983117,0.022084975492943672,-0.05486566192262063,0.09631805130093174,171.4938655516808,-0.18869353549043083,-0.11052128318886917,1
0.008747570171539683,-0.17188162827193226,-0.5318050601491466,0.3806886763632618,0.08340845824879428,0.29362366849068244,-0.10127859226737725,808.0277143369595,0.0016217040677084888,0.2731182853485029,0
0.04899243286527876,0.08720854902044349,1.403384751724408,-0.045980721401411045,-0.008208911181527122,0.027741370530883307,-0.09116835382192587,-137.2960737372191,0.2291287837468359,0.1008750910559939,1
-0.018124047011075093,-0.049517230532133596,-3.2684151660502705,0.07654440453472422,-0.019561974281350803,-0.013128802691696622,0.03971561035353888,133.7858037913145,-0.1280320876277929,0.013083495006459438,1
0.028768826912598106,-0.07864917782672663,1.8721599866555492,0.23574185905453443,0.150233237009761,0.45444876489276687,-0.23389378181619563,455.9253349458927,0.378197335304833,0.4018802173453986,0
-0.004325671442766499,-0.05147143363452353,1.276742159026178,0.13399858667810213,0.053923782678143205,0.06074604194793821,0.005878242952874262,297.3190126797826,-0.03360619864586145,0.05768383093251023,1
0.02112817910446258,0.07185104489040876,3.3088801306143742,-0.0907639873801307,-0.04687472802528769,-0.050139986510867186,-0.004796531267872425,-243.69861033539084,0.07462231633925195,-0.03210227572375948,1
-0.03444853023332336,0.08069800144321106,-4.282345672670092,-0.24216002416404497,-0.15473772480698114,-0.4362012922079696,0.23845549271150426,-523.5945201756931,-0.36658034202241746,-0.4472582577638957,0
0.026415901578445988,0.05645735707231413,2.4299598751252387,-0.0735183257155986,0.022426833939957452,0.10696652613510295,-0.0944900086290386,-154.7930848232008,0.2325564503958768,0.13273326744657854,1
-0.049475249607939815,0.1862072168480509,2.5184345077248667,-0.3884885231012799,-0.13384964210776032,-0.29536643592502165,0.12626277329631236,-843.294453293703,-0.03965673157722206,-0.2938440441713295,0
0.020293892583172133,0.009509339733356516,-1.2262504846295241,-0.09301236266156977,-0.014764880552646313,-0.1417263485149788,0.048824855739021,-146.6283232456683,-0.09449006000285393,-0.11047610887737702,1
0.142911248034315,0.11797162243852309,5.202953848468353,0.045463864625474845,0.12262783400942842,0.43618559999772655,-0.34637587010024595,-0.45568352857616895,0.6683938061064838,0.5106313116091301,0
0.005359287882925265,0.08104809055100178,2.7608231462330366,-0.08695035060751323,0.021851179645129594,0.016840978134328,-0.07174242215210447,-228.97791315679473,0.167356397648748,0.09050287000988233,1
-0.03407046827000069,0.030361309346521904,0.9145991284583324,-0.08480966729006585,-0.03796027793103167,-0.1418102670281839,0.09334401291712859,-200.10253807996963,-0.11018246487149522,-0.14295026130890412,1
0.08615547245077144,0.09513576579361174,3.367364753391232,0.09336526353944173,0.14010022687454338,0.4519815469719322,-0.32083856393005317,113.07520790971257,0.5649412523025137,0.492816321362579,0
-0.02824247643030594,0.05810571407866443,1.0086402300222523,-0.09758970076088451,-0.00500582788558468,-0.11219742752080084,0.062406036949073894,-250.54564958603908,-0.021231139310828397,-0.058331751644274184,1
-0.004184574342338312,0.22488131024035365,-1.0313099189169652,-0.3757585781618587,-0.055805810318759204,-0.22655480225169117,0.06293357107448551,-819.1856747124074,0.1169548263793387,-0.14703466745810173,0
-0.05630649098755962,0.024321606448031097,-2.116938567077841,-0.03850006771672705,-0.07324587255101099,-0.1760804783409314,0.15076404062168378,-65.85523366282533,-0.23731704063978662,-0.20169876070720905,1
-0.04525642424451848,0.12530766344337757,-0.3847193209419551,-0.32909350163129647,-0.1437920974213943,-0.44272641932249673,0.2369829093964106,-598.6581725367338,-0.2640745307260655,-0.38873303100014256,0
-0.05298902371831578,0.0855585090989933,0.3790142217587277,-0.29850297862405234,-0.11867643642782137,-0.39594393822118584,0.18288778756491453,-622.9076481841101,-0.22740182316813304,-0.3835189178307916,0
-0.008672122565962708,-0.2272230504859696,-1.228577314983244,0.3732039796874641,0.07059186215670306,0.18882748320588327,0.016868524288682667,832.4039663708132,-0.19546091220346162,0.08902693191226874,0
0.00019201367160349826,0.07013743503184747,0.49856548483071655,-0.19547069230444655,-0.028507699828683918,-0.08312160526481138,-0.0067986788683772875,-365.02908054447516,0.09957459456360576,-0.02793381076002332,1
-0.06929000907490084,-0.3231040925056021,-1.4022213516727386,0.3699368729288722,0.0013788039020802335,0.02247945198991621,0.14195560626171985,776.5669304538428,-0.494136693169385,-0.12082048739283299,0
0.07805382766681312,0.03674748174061076,7.012583613908446,0.17335690272658213,0.1642003574242508,0.4704166023129923,-0.3268188912213424,241.10483058793795,0.5711458577910412,0.4820703887013085,0
0.022386436102623555,0.1918564901244691,2.0101792849629434,-0.39078967421608163,-0.10989637251008269,-0.3459706274220848,0.057240015480195326,-749.4624122026662,-0.03611677715398114,-0.2641937780009699,0
-0.06848429698640841,-0.2746886318835385,-1.0024792488679872,0.320521700553438,0.09199493366931798,0.06788236187884197,0.12010642155381955,746.6896208439401,-0.3762507846476769,-0.05006723122457951,0
-0.020860972983052173,0.04737848433589268,-1.2743454272702597,-0.14446538464649564,-0.04689733488924173,-0.13742688586580562,0.0725754953132611,-242.36715178861851,-0.05908649874041442,-0.12118785674661717,1
0.01487192918625926,-0.01404949033403241,-0.3503874192375992,0.12487953182026722,0.03662656685648514,0.16090938921190906,-0.13021802374832542,229.91731015597915,0.16420288018853638,0.1569403844526423,1
0.07796204343891405,-0.07232407732235367,2.579662346938471,0.3381573038926926,0.1547624133285046,0.4222361885581986,-0.21823094279385655,518.0910102264721,0.36909178375896107,0.48214597427880995,0
-0.10343160189578407,-0.1455454761738411,-5.769307445367109,-0.01588650440113227,-0.12449327970903885,-0.43640784939459126,0.36074860124763836,108.22148425473345,-0.7290088214760829,-0.5158382127151846,0
0.09217688066832914,0.21034263549029608,2.5784861655840996,-0.2793676355850525,0.015896392647904146,0.12109684116737,-0.2031763922433565,-637.4558500200823,0.5665318997878349,0.1922220120146124,0
-0.11735389325466568,-0.028568765020086654,-0.2358176032398198,-0.17663407415349344,-0.1562758043580273,-0.467249965993903,0.31789840675069475,-287.7396479482976,-0.5657838098360598,-0.5216479595508453,0
-0.10742750713876409,-0.05439741422498948,-4.3195939780879415,-0.14312234402337282,-0.14283149193122438,-0.4373244903739544,0.3253263570403773,-228.903020828926,-0.5463978744122974,-0.46691757158919767,0
0.01808115420851544,-0.07435662153654436,2.606189834401812,0.28022340734044865,0.14859758516633953,0.3841111081582026,-0.19895631864672406,585.0679622809004,0.2839854071777059,0.3647632191692425,0
-0.06255027150869877,-0.03844800613323487,-1.0899051373198139,-0.13887658650879223,-0.1365990326019341,-0.43049772438026407,0.33818404155566095,-242.46681031695886,-0.5710835346160877,-0.4874086636788341,0
-0.012745429682304726,0.0498227663750446,3.297587551883193,-0.12370959487457203,-0.011844916761539478,-0.056648675219215815,0.011656899766230426,-276.807662590749,0.025427749795858913,-0.06320545168164275,1
0.0386984144338832,-0.03216275989416703,-2.695293748089216,0.11937007505106594,0.055658086229392716,0.19228053871076692,-0.060594510469964474,236.1583519225749,0.08114718664095846,0.14655515928178905,1
0.0564438045363998,0.05776946539680379,1.1808725490709397,-0.08518578426576508,0.008469174134888685,0.045933647317368424,-0.050835898833896796,-87.97460044895398,0.15155321159188098,0.1331741705197493,1
0.06594321628605009,0.23313155388343865,4.486702198179033,-0.15180947461235011,0.10559750129656367,0.24333708092846373,-0.26880755039371507,-344.27085843767804,0.6517269840532974,0.40230154268674045,0
0.09694275984787586,0.008310950103602064,4.11005457451904,0.2277134554347702,0.15173124990612352,0.46239721446017396,-0.3036611700487175,338.9348216283337,0.5311492088994731,0.5104903853245221,0
0.009386486097213726,0.05928744791599906,0.5548002092545374,-0.12052275437077721,-0.05138383723707216,-0.11275806700855175,0.0658339716274017,-221.3356961912328,-0.029272870908209056,-0.12164234999420548,1
0.029952542823393904,0.07985042657341396,1.272587951244207,-0.1115681958417098,0.01897784993871049,0.04253722142044878,-0.09208431241064571,-222.62929836670435,0.22241937326906536,0.10582692858761988,1
0.019535977321451643,0.07229637406556529,0.24331018774780816,-0.07715422118415642,0.019803874271271848,0.02786831942659293,-0.11344105343654438,-272.9096992990703,0.16905793504841848,0.08057809169229033,1
-0.0017958405223238818,0.16052177945933876,-1.2062660376765544,-0.337890426526542,-0.08823196772456811,-0.30581430495280965,0.09784598698229069,-735.0395141539716,-0.03332858266892243,-0.2406552342665093,0
0.008153942861719398,-0.10648124845880025,2.5884645356570455,0.15655475675302136,0.03482199583776966,0.12372635151167002,-0.023890385333591762,333.13095156564435,-0.05489047292243428,0.016205076122592296,1
0.014165664365734356,0.2144490420589134,2.838157936208427,-0.40076686442387566,-0.05458767881984777,-0.15084036470327744,-0.0358970878291692,-796.546592726835,0.24463566642200743,-0.03372226619361904,0
-0.10464643366226165,-0.057297898209964934,-2.8008916816298033,-0.07189382483457318,-0.13606701646319905,-0.4121443112868744,0.2790603560927915,-99.5685765339894,-0.6135946226346396,-0.4772869892596646,0
0.04457350641477241,-0.17967808046563366,3.5949794314912076,0.38367820163784994,0.14527783726195712,0.3433357851779174,-0.15442525524254858,782.834470680778,0.12929472921438548,0.3185678567090665,0
0.09785427741035187,0.16336652685432923,4.949830703956095,0.013895930515010469,0.08329068666642708,0.36895678378604313,-0.3157263495251156,-54.19969413727849,0.6405418761163433,0.4198723673683682,0
-0.00840966571646218,0.05491741610229334,0.9527658518949366,-0.007110347961096825,0.023309611300641492,0.08197015973137851,-0.1015674590334913,-101.6600271190199,0.2366170368211598,0.0991460745544554,1
0.0081159690806466,-0.02724341813811839,-0.8482785547941275,0.07858853755685105,0.051597133910630505,0.0943585233739001,-0.05267275197359813,165.48672364268964,0.08865163595950148,0.08850689981327878,1
0.09438604207926792,0.14512764269887904,6.2861305140838555,-0.07859537917962836,0.10474761853296764,0.3243662906623052,-0.3230870515736843,-281.8118984567129,0.6785525329670103,0.4034274834448916,0
-0.038012922082192896,-0.08487005878345055,2.888611467425042,0.025670908369129757,-0.03567488917810169,-0.0745613493413963,0.05031324872045247,92.54386188167047,-0.18867682083439308,-0.1265837002567593,1
0.08809379491438946,0.17215665815817766,6.2797147976167995,-0.09057784019764079,0.09892475097891455,0.34460519774140225,-0.3311671296642882,-326.7258905650357,0.6923329574215867,0.4449341316952189,0
0.020794691478914586,0.243219695237699,0.9655202967962428,-0.42490721231039863,-0.07895395204298435,-0.26010743858348073,0.02218204786690398,-810.9639125943982,0.11434929505563589,-0.14422540958311564,0
-0.10335737547447499,-0.17654732548239765,-4.657074267113102,0.040573060335281914,-0.15070016582156773,-0.3871658429608673,0.32932277302037627,185.87309150719548,-0.6816795425041474,-0.46925708603152555,0
0.03646473054667573,0.05174041155879231,1.0507328599884274,-0.062258090515366155,-0.02475905408855898,0.06554433806217619,-0.07875907101081202,-105.80184133343495,0.2034305071374803,0.13030056727820652,1
0.049381945374207446,-0.21268858514824274,3.879270424603075,0.3930230352896819,0.10411352819571434,0.2667423731570714,-0.10343557480355252,806.1509810730581,-0.004152266556977531,0.21318742952498607,0
-0.03904597693880962,0.047278454944709745,-3.188824122854419,-0.07960877954588023,-0.05473471743315847,-0.11790691506552953,0.062053445025693085,-196.30637206237608,-0.09139862907746074,-0.15029266149604786,1
-0.05950118178756048,0.10452428710557542,-3.081850369957646,-0.31341698861113243,-0.12887991022377657,-0.3292818875146228,0.19391945654754025,-668.9205217213629,-0.17306587143614552,-0.3269583247157424,0
-0.050947172693971,-0.26467561198674905,-2.150229280995309,0.3567313834845395,0.03494814631856364,0.020376652606295353,0.10070192347008157,818.1441237818128,-0.4531028564835792,-0.09975784121225897,0
-0.030561716240473435,-0.05148346489574519,-2.7515052374525313,-0.020702913195211857,-0.05573063483612123,-0.1085718975003444,0.13150906384085084,59.8737791108896,-0.21502438001170576,-0.14031982945221647,1
-0.07024280786127847,-0.06246741697539431,-2.426946904961926,-0.14607620615062036,-0.1701369693939719,-0.4565166221715727,0.3476128619217267,-234.7438246440424,-0.5316911073276186,-0.4875462073667157,0
0.03005385565904787,-0.027823598964387544,4.534899669049711,0.06515493995404906,0.031011228187428814,0.09391377219196194,-0.08622068870221063,151.1753883669925,0.07635455348513161,0.12196547499616431,1
-0.002327527956212744,-0.008330627367178503,-4.483703593659416,-0.07936658383888023,-0.037278448070007277,-0.12440323686718503,0.09124619877328796,-57.81928535072807,-0.1246696178409066,-0.16811223140609996,1
0.001071543884420865,-0.024834584545106064,3.8507838674453296,0.1039604083483023,0.028236563982839198,0.07235792830059558,-0.03404405491117752,192.9039376508097,0.059713596949837904,0.09620435447758932,1
-0.010213678626420856,-0.2074447260093325,-0.5779815706347388,0.3889332119321533,0.1385180302845148,0.25034177781786493,-0.05453974769863251,773.5365461199004,-0.12782403172559856,0.1475475836722907,0
0.041269000913714,-0.09891256371011409,4.976944979561732,0.3236929515741593,0.1795913976442122,0.43670575661349204,-0.2416811716979613,599.3866644765508,0.3286596183538995,0.4141415309173478,0
-0.02986740868764442,-0.2708462966568323,-1.5041510068084192,0.3521225701965789,0.04511039305805804,0.11836089898636773,0.04926091205133897,814.9796988308323,-0.3530376567161529,-0.025591209934600345,0
0.023449975120385574,-0.099953477845811,-2.1306120298591282,0.1251200043822954,0.001685937783652997,0.06068458160273589,0.03916362148353608,299.97129614514523,-0.11020892807389486,0.020772691081097375,1
0.07761844713722324,0.10793355974857731,5.310171465049496,0.013185253465890473,0.097825653825218,0.3560023182535634,-0.30684745793301715,13.80613723226434,0.6374277712823944,0.4659523545847311,0
0.040048940667115625,0.22620597893772496,2.632481894044183,-0.35567714414468476,-0.03257079508460413,-0.02852074571416651,-0.1285545716980313,-741.8573390328814,0.41623565313149397,0.05475696297674576,0
-0.05899129239821579,-0.26824213751604903,-1.7270158759375924,0.37053278957929137,0.07514848661191631,0.1536798328003345,-0.004587977878732526,799.9240209563401,-0.139843809431568,0.06914827600990586,0
0.005023248151832609,0.0820116317845448,0.11433198890133475,-0.12851311552591999,-0.004642489483747722,-0.05117829625306756,-0.008951215632207576,-216.8836210242795,0.07933555743448835,-0.022101127251664417,1
0.0035516927205121326,0.09613910381531551,1.1988355214052797,-0.10605481304852625,5.496023604300874e-06,-0.05610406600341462,-0.021703746684068624,-239.47724064649432,0.13336777113062648,0.02091240058742916,1
-6.613500061493289e-05,-0.045590534992235886,3.2173666011576243,0.12118465049944056,0.056206591716348266,0.1851384884343739,-0.08291557776172247,209.71143854766544,0.14848221001443065,0.17526493853474245,1
-0.005584242826253101,0.05371365388996255,-1.8814464688079977,-0.1356971972606054,-0.02784884835148082,-0.11105605989632336,0.043188739093055095,-279.14626943530413,-0.021830328951302134,-0.10423100960182283,1
0.053545537421747474,0.21053541146404342,3.2477889978310968,-0.4090821962789526,-0.06916231514548384,-0.14788140906944297,-0.058683607542699606,-853.0815812622102,0.26273954517616377,-0.02312969476808882,0
0.08933479987399026,0.19094577043437627,3.4317746140272005,-0.008812925743872211,0.08187679123349656,0.36396762086465734,-0.3248302758815521,-150.77415687808895,0.6996514456258638,0.45765987907192746,0
0.0677541204614482,0.28634236737835644,2.9522538486042764,-0.35336017238236944,-0.02980773973693854,-0.1433203438368809,-0.045261890922533535,-862.2129960698433,0.2824526537039192,-0.0014541010721976777,0
0.03261098119138151,0.03439092652593513,1.8797200019305436,-0.07814782267751151,0.0029503392031135015,0.051082280176661825,-0.09110568208429355,-195.1560746404524,0.20500633393259032,0.11614567672529054,1
0.05969924498903322,0.2526688075857004,4.848825106698166,-0.2622524766250204,-0.004102792511290162,0.08536297505104898,-0.16901446619297877,-637.062716963466,0.46349582830537234,0.19435809049374797,0
0.013240407747461628,0.1822921038861949,-2.0105265285462823,-0.331630796474538,-0.10221698326128287,-0.3108371494582462,0.09954985075656758,-717.6902679149572,-0.04186318724613998,-0.2727047782295493,0
-0.052066058990130115,-0.2455674639169974,-2.6963756479080696,0.21347247798045155,-0.06563350823364822,-0.1454237698508134,0.2513107649576856,561.0774008426474,-0.6280694097493977,-0.30377108033726313,0
0.009419657855840504,0.02309318878833568,-2.0711321053351313,-0.08241294918984217,-0.04400214290673266,-0.14991022398410336,0.028352492215921888,-188.87298471292513,-0.07103586391236422,-0.12150323547750172,1
0.014116031089825018,0.27971387015463545,3.0876730335514546,-0.3411713628693858,-0.03838505616754352,-0.02171169198899467,-0.10019464808747569,-777.3909368291826,0.4008164073191645,0.1174783094157269,0
0.023304735337953894,0.19329390596608648,-1.4681956887383059,-0.34192309572994456,-0.06475555405384373,-0.17693984931960535,-0.005914917670837209,-757.7807275318918,0.19058656469237448,-0.10376207060527068,0
0.09075051324920717,0.23528872381440016,3.087616128575974,-0.2976650624322024,0.02562450187360698,0.08811748481999943,-0.19731439095972306,-625.058587611574,0.5229641282838771,0.22474241399512707,0
0.03379288974577646,-0.02868707776084069,-0.4282687963237484,0.1139111512764025,0.06263495327337165,0.1300023570109623,-0.04484753687077558,222.51920743539796,0.08020004078375208,0.1060678968883661,1
-0.01034068340742141,0.07048836534468239,3.1180929585010713,-0.07137137033743118,0.03842092428212263,0.024701472682719657,-0.06184116029512771,-217.1028721704443,0.1830695735348464,0.06502085443233357,1
0.09693834207220438,0.07218152805116446,5.435697809217642,0.10433562560047743,0.11881573022429419,0.4729238416741878,-0.37047822805155156,94.95716692131262,0.6400397927344864,0.5303141938340441,0
-0.014029977428190002,0.007484578390054827,-2.166364603993544,-0.10206776824323509,-0.04154668041706009,-0.19186534146850578,0.13608123863300767,-162.52269810631472,-0.19314542898145312,-0.17982805203573415,1
-0.021268880287088832,0.04342728093164067,0.9970848530217926,-0.09803926296026914,-0.016546109038336518,-0.011420277506838272,-0.06766993299731906,-249.14385939455556,0.12744532101837697,0.03782154832238842,1
-0.004182291044588498,0.014792118298628872,-2.322210907754132,-0.027193176435199622,-0.06713761330157106,-0.16263458245182777,0.09482829399197662,-93.26158805774216,-0.1662023209480326,-0.13969120670669447,1
-0.015044533455597274,-0.05845438633535589,-1.8470414849235677,-0.03397733474857401,-0.055453210675694226,-0.15073898260076696,0.13736766222339922,1.3933655244671364,-0.17556050933249115,-0.16447177568026772,1
0.00938506106419388,0.0587827595503141,-2.0722683156895716,-0.061560204434940105,-0.06356235301128306,-0.10513232240591405,0.044892253101873045,-218.64055481054143,-0.04178880745783316,-0.09948101770087453,1
-0.0067648663914803755,-0.005385220259295103,-3.063129722877021,-0.03091463225371112,-0.028036887447203642,-0.1185746207443347,0.08408466815408981,-36.31129461223853,-0.13553329892702784,-0.11382946784507626,1
-0.01770698007150791,-0.041725737553046253,-0.637974087572503,0.05850167661500116,-0.03653717721863984,0.02384372555946659,0.05501591865119926,216.06993551974995,-0.08539457989441541,0.0293502038386506,1
0.030551088785542604,0.2617294011112825,4.586745470883844,-0.3289376238528202,-0.013568680945477946,0.0043566881371082085,-0.12849051973746076,-691.0489626165604,0.39220354854687756,0.09080307025558082,0
0.027033339969898117,0.21595789063412593,2.811492479372956,-0.3989367046770425,-0.03603807124566927,-0.12505043408954136,-0.08560320465744932,-848.2474987575121,0.378055985833953,0.016431190779903654,0
-0.031492994649593334,-0.20262078576553033,-3.2701366979194004,0.39259643873776146,0.0880028633695169,0.26431249522560024,-0.03756198599620156,848.933364925041,-0.12509104871486054,0.11196152033951719,0
0.07142244848650246,0.11461878685425182,8.001995864610375,0.050403851397321994,0.14420602449580702,0.42745840322547246,-0.34213379287308154,2.169173126807885,0.6646431865628966,0.48158088130973564,0
-0.0059950625212697355,-0.0710925242295488,-2.6092674440848747,0.17216548849890367,0.0823718261272789,0.05409535417789354,-0.002409672815064266,292.631605981084,-0.04926491816748377,-0.01735462015381241,1
-0.07702761398748552,-0.23795501462643814,0.897660195306172,0.36962377699610166,0.03883507346833111,0.09275111213663174,0.09903451154160216,735.99325773601,-0.313737357588429,-0.02459471388658027,0
-0.06746635781235243,-0.027779392491832068,-0.412226886706434,-0.152455281338802,-0.15513625711763598,-0.4457829208900738,0.2974053410845616,-257.43779204616186,-0.547792109204439,-0.477594499636792,0
-0.09352500975192585,-0.23072767037894296,-6.432630921431774,0.1316909272181749,-0.0486925144025503,-0.21470949818716165,0.3096859739627334,385.485319335217,-0.6665117817018712,-0.3763296457042086,0
0.02166997106118238,-0.05519715199293045,2.4242754769589183,0.2856439288775599,0.15503226071782636,0.4263171613561543,-0.27833164930578214,520.6524487255351,0.4305156815468703,0.46991060537088325,0
-0.043999757896630236,-0.05136872956983042,-0.8924749223074389,0.030402132851280548,-0.011729811909064074,-0.08174117795330586,0.10652213133992013,44.44586664896498,-0.2268110386060645,-0.13923206426462922,1
0.023685425579032533,-0.054499262811575314,-1.0444970526025266,0.07179298424556167,0.027164535934150885,0.1291764789564202,-0.02260278465233646,151.84695403700837,0.06152664137252312,0.07499702519284142,1
0.04535679083622658,0.047238014271145094,2.4814753038052237,-0.12074111632134416,-0.016752439101547244,-0.09127661952169491,0.054277580008805615,-213.73456510129085,-0.03019348666163816,-0.09966368416099786,1
0.07739142140190594,0.06793935734134608,4.28999717804786,0.07755802926012252,0.13366724999530358,0.4568397744517089,-0.34225197528697693,66.92438029128147,0.6913635252240729,0.5106008713578791,0
0.0034253042649083874,0.22886529259049476,0.055772658176428,-0.4087568009301541,-0.10932941029790388,-0.28146459291556164,0.02176199297990558,-883.8059209045193,0.1332397657114168,-0.12033903535278684,0
-0.031979258558890264,-0.06930835594610914,-2.0466037913754622,0.11257351983864212,-0.00810412748004072,0.02840284088369928,0.0451598987320768,272.6049031130374,-0.12243946968102001,-0.0013553690877046998,1
-0.09404759626561134,-0.17009606123187973,-6.294887928434141,0.08692900683517513,-0.10166191924493688,-0.338736410442342,0.3137509899881818,295.37291416706233,-0.6350813702838497,-0.40563078364750826,0
-0.026586052424839548,-0.04522201880822649,0.9210147634686874,0.0991064262884671,0.03100541967859586,0.045319151132674824,0.03851373883460316,197.73282595141686,-0.09088117675276136,-0.04318271580551319,1
0.06661910443988632,0.0037249249550564086,4.23435161643813,0.21293416371351118,0.15381841990807973,0.40292660754450044,-0.3137122192770834,329.1111849924806,0.5111544427161395,0.4830560009908014,0
0.004696843174526531,-0.06481528201359821,2.664582189269124,0.08568400783409488,0.030535602221994612,0.06345358747260561,0.017673500389152837,238.77071647417557,-0.04735997898793347,0.04843625386002689,1
-0.01567410506940799,-0.016184555636170807,-4.3849970188521175,-0.008655568253711728,-0.05781843728707369,-0.10053517427009655,0.07988910932483274,-21.524640859028604,-0.15635552585364457,-0.14433376275839643,1
-0.0030515799080220386,0.2001167133812064,1.080839503407272,-0.4059484813479548,-0.11183850141656006,-0.26183132509347445,0.06583705439505663,-839.7056345070605,0.00970814619087661,-0.24911791094167945,0
0.06979873920177383,0.008439554197238236,2.3650377904716926,0.22039146496191664,0.1814992330444393,0.4561032260233996,-0.28677806709802384,385.8243790786812,0.4859743218393576,0.48017442340806715,0
-0.042331097283681396,-0.10021394257201689,-0.10400171120472082,0.10190439939081904,-0.0061889905580280935,-0.020872979565550644,0.04065835607391862,202.16764015863723,-0.1636966925185161,-0.06575498626342902,1
-0.05076154091446752,0.0002020983941769698,-4.77892045323329,-0.04125378288791569,-0.038207171940604086,-0.11552709452514147,0.08078270516902061,-110.5444707911516,-0.14028148425883358,-0.08402211627450949,1
0.030590157341094878,0.057593769510527755,1.871451334946962,-0.02195821341490765,0.017313121803875453,0.08358646928930133,-0.11809384927165097,-146.3239808923177,0.2865977351104667,0.15536097317448758,1
0.0038584723070810597,0.036193052103424196,-3.9961658160253406,-0.08749163990146432,-0.05864669662980684,-0.10900005921481061,0.059041521655899244,-213.55100976578908,-0.07523950791321964,-0.14687271066013768,1
-0.030241421834296046,0.24491710918483783,-0.810132831651376,-0.3865287254663439,-0.05994212091661087,-0.19958431205545205,-0.04974561638288107,-876.099974107135,0.20158342893351885,-0.06954270768314236,0
0.08153502622414743,0.24287574183914307,3.532006815530158,-0.2104023441633664,0.07578461049186822,0.26378557835757477,-0.29180781230773667,-468.236071742228,0.6828027738470349,0.4347085012905478,0
-0.0813273934862381,-0.2551949557232448,-5.964345653188951,0.24009649420575865,-0.0450407841176254,-0.1675213865270373,0.24376601543128815,632.073282335421,-0.5954405818738115,-0.26051380230068,0
-0.06258658001642434,-0.20681525590415623,-5.238432219001427,0.03691461660958761,-0.1316725469612998,-0.3228896542803149,0.3012326733508756,211.25996972588,-0.6905752841306471,-0.4102636898669983,0
0.09299299231951917,0.20074276002554503,5.5358329586430886,-0.12145183490807301,0.056582599725288785,0.27245045310042576,-0.3052746711215209,-344.4099407782599,0.6487989738027087,0.37203073845132495,0
0.07443459483767723,0.24618905983905162,1.3947619149934425,-0.2288523732082122,0.020667615139107545,0.15657442686536585,-0.23229384204339784,-601.3596165207982,0.6091960271474446,0.2761703387383758,0
-0.009734573460566939,0.01804150043994476,1.0206774071546105,-0.08486204910787877,-0.05056630590290493,-0.10446328290224696,0.06758112377653532,-119.87792954603746,-0.12458493197058641,-0.1385322251778988,1
0.03566354746769256,0.08814243493651389,1.53253776472954,-0.05491623123610318,0.030686168611250942,0.0670315933968713,-0.09584921759068216,-104.56951024339881,0.19142607526589195,0.09895403804793768,1
-0.0710103770312835,-0.09954750512884633,-4.071682829494487,-0.08732123852269721,-0.13121062088200255,-0.4173506660100095,0.343783379042852,-104.3942416628636,-0.6553725075727208,-0.5161081509006308,0
0.01977882265857352,0.09804255910416271,1.3423502106310423,-0.13312913080249383,-0.030176400341791778,0.008908527343802305,-0.06125834271160937,-257.4159319002259,0.12541832262357855,0.016179261818648608,1
-0.08227356355394115,-0.29568351146188365,-1.1932697920314475,0.25365897680964256,-0.00449541892777428,-0.0963735119339258,0.22559178640750627,727.6739448346152,-0.5720706335770589,-0.26933969555397014,0
0.021505953200090005,-0.1508547260275981,-1.8168736358073434,0.35528643551464983,0.15217938264783767,0.4504113182690425,-0.23494719498640196,719.8067476943903,0.23255634782942172,0.39511847125699173,0
0.03595162792356653,0.04340874465804011,-0.3602345152243454,-0.051826857714499616,0.021914356655651057,0.05095279961299459,-0.029841471082973477,-137.17908611775823,0.14951150885080813,0.0330516715319854,1
-0.07807082431914751,-0.023429955209686132,-3.842874265074842,-0.2166102845971746,-0.14859329116296,-0.5053665928891992,0.3327071274996384,-278.80885328170274,-0.5527439716272332,-0.5474162854333233,0
0.03950232825082012,-0.09746204200786346,-2.9505787716713234,0.30515594267942525,0.18334189833420725,0.4496615133220357,-0.25909278713721196,552.3231279209926,0.3553010856569824,0.4388681493180975,0
-0.08657983324570781,-0.17694317264636464,-7.028611550951941,0.09602318393979137,-0.10739779794926235,-0.28288191055358175,0.32645811153638893,359.9804489256213,-0.7030974878576539,-0.44936941763133775,0
0.06750084825905693,-0.05778056969707893,3.782775944294239,0.297176883726882,0.16334474282215605,0.4661622838693722,-0.25058428272894956,536.9918308988905,0.3837816950267762,0.48285864360016906,0
0.08181827370699048,0.27883761235602333,3.887998189553401,-0.29819346598450863,-0.019216849683553687,0.06616852583372657,-0.19555645609838007,-720.0383894542881,0.5814541058305333,0.2242136194400425,0
0.09619256376737823,0.04838473660603415,2.833674444952808,0.16745669885830633,0.14657578164235624,0.4510911902039268,-0.34605359330127644,191.22828546307088,0.6079541786551709,0.4915160912665426,0
-0.04554884258558405,-0.2116075667717011,-2.571972672036064,0.1469518047090084,-0.08028357721955566,-0.20717362682049,0.2719793126471701,426.2326996871053,-0.6322686960322635,-0.33236866789369085,0
0.09237643419491591,0.2687547596855091,7.751932455088537,-0.24128277972492057,-0.037535815386583536,0.10265433937255705,-0.18840213050292762,-659.9421306610059,0.5100222570463496,0.24777194642987543,0
-0.03839813620752827,-0.08129844964323779,-2.8738417688006974,-0.034234928911705556,-0.10589431759500333,-0.15284367079795946,0.07987871271075427,-71.73978853569939,-0.21180136962946525,-0.18300278584393356,1
-0.06782404598238553,-0.22578284184560843,-1.4983579625546628,0.10710772589983991,-0.08760574373286249,-0.3149272971803238,0.2975163574018114,382.20605709937735,-0.6833021086834339,-0.4011085934896036,0
0.08153937164412521,0.22406547146645006,3.856267125628022,-0.32325514585539444,-0.038511725804355225,-0.05560452471599869,-0.10765678488065866,-773.3099003051265,0.3973251829225497,0.06942992743664611,0
-0.08956713951018502,-0.2526583059652383,-3.9894458563714355,0.22962331649495735,-0.054650119811666016,-0.21034734214552428,0.25339390481172125,581.7168516473713,-0.6188697980205102,-0.2702005628184373,0
-0.026822938838288766,0.10373184023444464,-0.4944445606760951,-0.32341490725534894,-0.12816453058447846,-0.3829529588061932,0.17641667963848776,-639.9828632070967,-0.20542220134383307,-0.33481072091016173,0
-0.021027429286849867,-0.0768631715509229,-0.6241971701800472,0.13350534720344384,0.03302705217496684,0.13178263370491686,-0.04259110850837413,225.5130764934688,0.08933824720724196,0.11824341510948833,1
-0.04519613759614735,-0.272342940446082,-2.936817845213612,0.3262890195434104,0.0310933475680102,0.004198517033746861,0.12347036607880481,761.3220674919052,-0.49498176697804963,-0.1369936484795326,0
0.09567150205570651,0.19041671894709392,4.29274114788453,-0.1248321261394026,0.0628827567740134,0.38615157603156725,-0.3386301371410781,-364.84618003618596,0.7174114359503843,0.424344072034364,0
0.011097727610537041,0.058604981006890156,2.6103084646637154,-0.04892464944610261,0.08117927434124286,0.09262884576564921,-0.11372952548835774,-97.73704539772137,0.2280633142221299,0.1630584012843792,1
-0.0500650555223501,-0.2454076271871297,-5.401842446790249,0.2269385528553747,-0.02397369518120744,-0.1273778259326227,0.2093643657409854,591.9422529150872,-0.5980905630647482,-0.2763729659639471,0
0.024250517074514776,-0.10171701764281603,1.4179858180841864,0.13455088860544923,0.024000902806442046,0.011061820074666596,0.03818671113343648,205.55973676009182,-0.12464757821046527,0.00802755239698874,1
-0.10757574299792204,-0.21477367086287386,-8.251951745890102,0.16033085442981915,-0.07387570127230758,-0.2776771144023948,0.31201993352960455,397.7800657908351,-0.6874295027047909,-0.3933893642077824,0
-0.044953492413209985,-0.2874651816366616,-5.615898200038317,0.3105202104666362,-0.03111947691628188,-0.12407637082573765,0.24962924056732855,661.2883755017912,-0.6185345337148835,-0.21768520729071508,0
-0.028354612560803304,0.18332527661345333,0.9946431714434347,-0.39641561298967853,-0.11712346154590593,-0.3358036276912888,0.11587344592239673,-801.8319981463278,-0.09153391777758342,-0.28479872150323987,0
0.022314877585297578,-0.031145078679019916,1.310125549848856,0.09446092671448462,0.05275000199543969,0.0926178323079248,-0.03439442366494587,275.0751813387824,-0.037446887814335854,0.10237949590418394,1
-0.02091118368983005,0.2483502041832923,4.100462170716398,-0.3554762665054333,-0.09157314546235445,-0.17566550280624205,-0.006951180493454857,-793.8299298405835,0.19399674200059966,-0.07222844890066107,0
-0.06594323121486699,-0.014461789132131826,-5.698422799699992,-0.1533285249927276,-0.17867787585548703,-0.4610212172020641,0.2909990556568797,-243.51745807128762,-0.6265391924192528,-0.49144718854115155,0
0.06485510946108568,0.10261147372198655,3.3955017228153106,-0.06304791950454894,-0.003875693466994067,0.02757101077416029,-0.07151856603216133,-150.8187368318208,0.18728581901221472,0.08263930049109114,1
0.02023927532375302,0.019609656066679214,0.6903417549096633,0.08759811917824069,0.040414034287101525,0.13473621400767183,-0.08359503727838326,132.04899037044146,0.14184745348352681,0.13747900047122952,1
-0.02887197468476673,-0.18826210657976544,0.12672086540509653,0.31204984904184885,0.09729961038534862,0.23923812449582166,-0.05408639901347089,732.0305115257447,-0.10834340244055851,0.13824546232783008,0
-0.09925662451034883,-0.2545330920556159,-2.785779386088869,0.1570330246306694,-0.03490394542616057,-0.22754378676516981,0.2957711970251147,453.3560898059879,-0.6925316572199791,-0.38332017903467985,0
0.03229582438166514,-0.05068943086395612,2.0130182910375343,0.13587427311602024,0.07179775696968929,0.17277245414685616,-0.09792841490625462,272.270307000092,0.09347578244658547,0.14659602648657707,1
0.015241167887871249,-0.22673982970311088,-1.781395719869071,0.39039268430750457,0.05035451192640772,0.22323479241010522,-0.04990752737773959,853.4874899056313,-0.08025078513302855,0.17178743185925627,0
-0.03939664716229863,-0.24633619670529197,-1.0136090064541423,0.3666216730115277,0.0974559009573942,0.11559322925551857,0.024899887957560974,820.5841405678264,-0.24815350721794066,0.05737021290521646,0
0.010354272997044915,0.0445893674251443,2.4167170465843855,-0.016709006958446033,0.02145894920329883,0.08229775883223045,-0.10517721788743699,-152.5643624131298,0.18971363778609263,0.08499483808850183,1
0.021366740050436487,0.021303970189582574,3.027715192421255,-0.03978084371378733,-0.02907227965568003,-0.07912308086333165,-0.009917802685513047,-128.89143031833368,-0.024574969369310345,-0.026509729473755465,1
-0.11922599147363588,-0.20705989340456624,-4.954178822341836,0.10335924144463474,-0.08241361943867234,-0.3045997499494714,0.31287317021990996,271.9220411003257,-0.6559725150441967,-0.3886955364014882,0
0.009952106866231544,0.09749213568201921,4.126110802672447,-0.14716728711760851,-0.021058424358135864,-0.06919799923105097,-0.030923258108700006,-273.56699551912993,0.05801945592934255,-0.03870684175115752,1
-0.005162422423628195,-0.05410883787766597,-0.32751819786249786,0.12236096600571818,0.011377127793659571,0.13798287075629,-0.06113181818669554,246.2774188254275,0.028561728302586704,0.13005733901621647,1
-0.0446734805057809,-0.25618391177415495,-4.004025027769556,0.3437198958005521,-0.028037067829223414,-0.04380361708519609,0.15481763358027376,757.0834768300766,-0.48098881718709,-0.16724304952208213,0
-0.04760733243145915,0.07469253530818447,-1.7566348128940183,-0.25948224885513704,-0.14984746771684623,-0.41885707337808686,0.25606895986907663,-579.9709721748847,-0.32138904422191816,-0.3944075384627903,0
-0.03002432106215181,-0.04818378624706665,-1.605461978622467,0.08080773080009385,0.00964187995151137,0.05137186919909414,0.01326523626123466,252.0439808250039,-0.11331193408239619,-0.026691782131046025,1
-0.09896268414818145,-0.13421751165155343,-3.3527025312389984,-0.038014732614582165,-0.10664784409195967,-0.36957777339004827,0.323280936955229,38.8080621509975,-0.6559993563407047,-0.482495165510824,0
0.02715782607572897,-0.0462603495601538,1.1961379951033795,-0.037172720913828304,-0.0553009120634506,-0.09552185898477308,0.09200038537519943,-72.80469976739617,-0.1851545047867445,-0.1168810761878438,1
-0.06877830968582027,0.008268176256114706,0.6587653113747237,-0.23153126506695465,-0.16078127019178856,-0.4270013345964442,0.28705178975167045,-382.3815926536262,-0.47972326338260685,-0.4764296222202278,0
0.08444591435590999,0.23903498428618808,5.958129180817965,-0.17432169531699843,0.04790901923872957,0.14962508146454256,-0.21161709911338958,-517.5451556635821,0.5584328825407788,0.27217909257433526,0
0.08539203636433851,0.26788461244247364,1.781312342138789,-0.3179386753123731,-0.019816468842066417,-0.0051952400138994175,-0.15689921882914454,-705.6104727070385,0.4645051191796228,0.14900720715381738,0
0.013658091150866327,-0.08488044202621375,0.1971874561990922,0.1367197628787166,0.04908634181658326,0.042309654010351486,-0.042272218590887554,245.5746624419099,-0.00947073277410005,0.07087156776085134,1
-0.027037528005615444,0.06855338131419407,0.7366251380010872,-0.10508952496534935,-0.022137020738934438,-0.01847692948016997,-0.03197026694625821,-245.20244699321358,0.04117531902706729,-0.07959885838646062,1
-0.056950874377750406,0.15654687560054134,1.2516129668861253,-0.3689671009970198,-0.156670036030919,-0.42114087372687076,0.18996602881554794,-742.5694337259771,-0.1893794124855172,-0.3497600447129402,0
0.01031973990182855,0.2080242169348549,-3.068709702260425,-0.3865138463982217,-0.08525029984341481,-0.177460112464093,-0.03922570275204619,-866.2001048539698,0.26420924994469386,-0.06336178254279007,0
0.0007488375854064135,0.014133854289960291,0.608507827285339,-0.07989536484913544,-0.0495130987093919,-0.12816037334978952,0.0754045851091453,-197.6317954682961,-0.11558916103784539,-0.08044136420191197,1
-0.006676715572562694,0.06896926440037175,-1.0102020607026325,-0.09200473939325557,-0.002632460343988442,-0.12094079004696931,0.056152611777575044,-175.47784351433893,-0.0930650781928956,-0.10965589809276644,1
-0.02721235462244428,-0.061346036784018385,1.8968322223639165,-0.03418734078728834,-0.028679583517837844,-0.1235633196729312,0.05391395393713372,10.62572028103666,-0.18454182405564865,-0.12928895655785785,1
-0.0159150296299148,-0.09611266783728425,2.678937633854463,0.09529828727373814,0.06007891629854469,-0.007753349351716824,0.02492858824210884,208.59751493762138,-0.0850439530193456,-0.004837831001276743,1
0.023884120951220417,0.08300549492146296,-2.6462087235271112,-0.051081070512698196,0.0032306636863510224,0.04381720820918877,-0.06493057133875153,-168.50963347183753,0.15534872448077452,0.09053865997553208,1
0.07927869131377882,0.05317276257874945,3.538786000656615,0.16248705524606386,0.1054287229744929,0.4108631792028547,-0.30555729786865876,261.1894725881988,0.5456724014667589,0.5006975839694868,0
-0.06379708549639429,0.017474491312032096,-1.599088425215376,-0.24556730688464096,-0.10683030937630099,-0.4396678414703944,0.26248328202831095,-455.3127646832044,-0.3936299899960994,-0.4552903847515556,0
-0.028426327280599774,0.06854720405665422,0.06631153899102037,-0.13470950628306383,-0.017876880497099956,-0.126393664915884,0.004220787713089703,-292.23061745064643,0.008132370289633388,-0.0689088536849774,1
0.015490647854067867,0.029033271506666996,3.101914427580536,-0.026143410157743123,-0.005544076465957289,-0.0833725432318031,0.035336743568869615,-153.8477006611473,-0.036174786012272475,-0.043103078143158516,1
0.07427717222621605,0.08568710904105349,-1.4388182579332378,-0.08458074423215513,0.013812404585321044,0.10112465583870249,-0.10764098333313075,-168.11637424329396,0.2706911884135033,0.09959665018763784,1
-0.016747488602668708,0.0004471232855839342,0.6367026602061361,0.09821913837253571,0.06944747788921303,0.1277387897313596,-0.06732225536276064,184.93409999127215,0.05481706919586416,0.10279419336062155,1
0.011795849852612651,-0.13729494953640475,-0.5706360424876602,0.33297103857912497,0.13097767750510908,0.336040003664423,-0.18541019433946104,707.1969973312679,0.18330822035430588,0.2974151783373185,0
-0.032889832781942324,-0.013013024228525794,0.34664511129460673,0.10639884358909048,0.03340031125785025,0.18629734307561327,-0.1235725005313152,152.0394955447805,0.1541999083625651,0.18057573670707192,1
-0.0075617889624579595,-0.07222971030964948,-1.9317942362870544,0.12784688537249694,0.036070407344576554,0.016780374087609067,0.012810288835489545,252.23014308307233,-0.14753415358417718,-0.026456055312834244,1
0.006205380072919329,-0.10619835080542538,-4.489154137471513,0.03211249863184038,0.005665957332247164,-0.04989497386201003,0.08571429470811458,174.51905310078152,-0.19473380761903283,-0.10217769565940676,1
0.025149189030401635,0.02563441628300395,1.485988588165308,0.033588255564724875,0.01319832121015329,0.08041257717992391,-0.10343360975066808,75.48628301367977,0.1458331018870042,0.1529934183975461,1
-0.005754644600359348,0.03472079049684944,1.6693201725087912,-0.11253401543960347,-0.01845104279295756,-0.14132092102212418,0.03908198432623524,-177.2184534077902,-0.04836923810646659,-0.08100078728417104,1
0.03605302749871065,0.2571336578338785,4.950336009956854,-0.34313739005579236,-0.005463035182202165,0.012549203628553924,-0.1343767166571746,-727.0433787373208,0.40607153462447604,0.09583156937919973,0
0.007387337329627448,0.13203049979022619,-1.512660036839941,-0.30820184565927133,-0.14480477226927727,-0.39530582092352085,0.18568031658079176,-739.7366049713946,-0.23049493097407855,-0.36808196132503046,0
0.01914691115624377,-0.07452168732430768,-3.558849733263002,0.13279040569299091,0.03767557445064847,0.02682184861746167,0.005105307089671626,263.7017203048995,-0.06715957246956877,-0.028787431932497505,1
0.023360984913404204,0.21864033376248596,-3.5674999873687856,-0.39097747623636236,-0.09868437648648025,-0.2296019583435462,-0.008455584362830284,-856.4317640775055,0.15379804534868027,-0.12212962557476237,0
-0.0296830869049895,0.006954217736860011,-1.988565472583901,-0.027441182795682445,-0.02844347155829287,-0.15194205444524225,0.0905953368263132,-51.81310253425289,-0.19507222302249375,-0.19217968402734326,1
0.0791345816053815,0.2268624618172805,-1.130284944715996,-0.3019621530105612,0.013484661751270105,0.10408067918157186,-0.17204419227128853,-699.3725001030102,0.5600140873239094,0.23151012639786744,0
0.05989090152341356,0.14905753426823162,5.9095557544441,-0.07017213628984992,0.09720685026900483,0.35860221351936017,-0.3190089184857406,-160.77929757512018,0.6354337793600453,0.42650222980433933,0
-0.08182716244348062,-0.07651107420863999,-3.055718116722752,-0.160167042529071,-0.11716039358729079,-0.44872625157353724,0.2813479277369946,-171.63565602296777,-0.5697660837341999,-0.5069985800292173,0
-0.08254388001666645,0.013143160323722505,-1.6378990948489314,-0.22422752447955374,-0.13988763162533324,-0.43429986058029246,0.276172707314027,-448.2091447508065,-0.457973369607504,-0.4705931387354383,0
-0.020300183639903366,-0.10124263407957332,-1.4472150623288607,0.052070151516950096,-0.033303156357412704,-0.1291144781258394,0.09364426273776784,152.9341585732339,-0.23410582041427838,-0.09417566566382132,1
0.008640988796367998,-0.11446523666652919,-0.27875112291160953,0.31929477711127113,0.09777659810121625,0.3420060757238441,-0.15342054725580956,729.1604870056756,0.16315987883510832,0.3024947991358791,0
0.03972136674920351,-0.0741507726989965,2.01374964025613,0.3249313664192805,0.16374204325130615,0.4435886456312106,-0.24350583068349196,683.8729528119695,0.2995747559312992,0.4336744002671672,0
0.10938547509198024,0.1545988976135462,6.826184502628463,0.024317391230315517,0.07239168486182818,0.3956951437093456,-0.3816337334244945,-101.60820024895385,0.720502394020097,0.46483292725321257,0
0.08377594649516665,0.09300448140218084,-0.4561430701213384,0.05329422245950908,0.11623332055029983,0.3721610958055888,-0.33227458487847994,-45.10134699810588,0.6297709427502357,0.4408187853095239,0
0.039593489796617455,0.2685695370309396,2.6716259080738833,-0.3361391210543632,-0.04425702880591476,-0.060845063176279156,-0.09013994691876748,-792.9704837602263,0.3434932602468057,0.046016496536140566,0
0.017983783852501555,-0.1322331782793678,0.8123337873816064,0.29900302258343997,0.09923594289407787,0.38855556070874175,-0.20054586246147724,628.3791655592283,0.14953666644839908,0.30654294050642633,0
-0.030270018305355098,0.17828132103755692,-1.3212383281169897,-0.3695830846596441,-0.15430635899285186,-0.33928037585854104,0.15998306890838004,-802.4454577901397,-0.16280555045068615,-0.29144693953701695,0
-0.062104928264340886,-0.27160900795261356,-4.627102100262587,0.32150020400375506,-0.034740608733945265,-0.038992746773438954,0.1535180148228591,738.9019452058357,-0.552507960472568,-0.16692728284787492,0
0.08072738713881385,0.16504044399551437,3.657893443813615,-0.049398750059095324,0.11319575217321041,0.3673284926075096,-0.3480863890062324,-190.4428093799347,0.6887370857480211,0.4482514970969487,0
0.04266040923282034,0.07392794170696779,-0.08031249283036726,-0.03684717157275925,0.04149892003817593,0.14708966858179057,-0.11380626043391381,-82.70649611255317,0.22617928301095522,0.17617873635475828,1
-0.03223908923312298,-0.01176300774010642,-3.4926774010982706,0.04000372351736599,0.016326160710953497,-0.02387836695855036,0.09840143397271556,79.34604184500394,-0.14829479268075865,-0.07229554352890315,1
-0.05361118040048549,-0.19882204769040596,-0.7374893963060939,0.39781046849337204,0.03388207265599315,0.16951664735062014,-0.0028269501469153782,807.5415223254174,-0.2613887423823504,0.08094849651476885,0
-0.03380626669064876,-0.007912752682498034,-1.5043765451556574,-0.07862873298906072,-0.07819908986590345,-0.12571880627774287,0.08917755387510379,-73.65364915058143,-0.18258949172943273,-0.07263733030454549,1
0.013262728533195399,0.07896894897294161,-2.3972948487676216,-0.105131914203362,0.004386141978768096,-0.0408263473017826,0.002738226439256285,-272.7239090556317,0.07582998554831598,-0.011149953022426905,1
-0.04958405012405851,-0.05948595647936835,-0.7388834426903657,0.08763979266660012,0.008341707860575103,-0.06679867120251914,0.12236415860451538,226.3307983821308,-0.2090522640538349,-0.10686706913871756,1
-0.017924139701980712,-0.0011588229151768823,1.85953084209298,-0.09913097244020319,0.005133132345541178,-0.15503254908383668,0.06962972334617185,-174.1639432086565,-0.11073151661750406,-0.1586271811937607,1
-0.036504795471238326,0.005122006263614535,-0.5301655726283493,-0.04099789789627952,-0.032160916419130055,-0.14402523393709205,0.048032816212021864,-120.22302532636965,-0.17549581477097692,-0.12880037230590022,1
-0.03678659065688321,-0.0364113792783688,-0.11206925677794549,0.012300087632837247,-0.026011169653618604,-0.14051052897374455,0.08506726367976397,54.9064355757006,-0.1879023500074642,-0.13745164768847173,1
-0.03967792835395325,-0.2742555276448795,-8.217203446790448,0.2569075265404089,0.01421570104804535,-0.10319741209483164,0.2022657068452294,632.0821602629907,-0.5968813847349246,-0.24022874934475147,0
-0.025424267542739437,-0.09478561671074867,-3.5709731782112515,0.09176924764934398,-0.010634368929690148,-0.014582941076523392,0.047235921474357186,215.47003135608682,-0.22056434345875528,-0.08417789641996248,1
-0.05693351227439165,-0.04339047671100492,-4.194365630517581,0.10035949291471946,-0.007004765715123526,-0.03347341973408134,0.09886304242833988,178.2613705908499,-0.16283704092093967,-0.06543429435176482,1
-0.021676623513553445,-0.007550895282245236,-3.1081833340806946,-0.058605141300140745,-0.08484126295222116,-0.13754672114879452,0.08834759757114868,-31.564896206637528,-0.17210389479530572,-0.14254189283051755,1
0.04000355761165011,0.042830559428731305,1.1884004572121833,-0.02845086664963647,0.008383413115482378,0.07918461317121303,-0.08453047120415817,-98.3568488126481,0.1731013203233177,0.13534571147176125,1
0.112770372344705,0.25427714821224046,6.55774646037873,-0.1425546042539911,0.051594007890270896,0.26419076339622993,-0.2946898942903127,-418.70197827321556,0.7356731021674324,0.42130999420279314,0
-0.1152100946244207,-0.2200701456655484,-3.1020392513756816,0.2435536466291657,-0.028120324434314805,-0.15747482660364195,0.27381113620668074,560.2817226478554,-0.6435906170561876,-0.31067635641505764,0
0.0008058481408390281,-0.19325557177419672,-0.004904910802651582,0.34517279079122914,0.08404772642517314,0.23018082756660377,-0.0519266781242484,733.5891413716679,-0.04113619551316294,0.1740918222564793,0
-0.02692725203415305,-0.07625796258995933,1.3117898748408323,0.06703666824452396,-0.02091998946054284,-0.049001250548776985,0.07954372716616714,170.91191046518563,-0.22200374965520808,-0.10119567251155712,1
0.00024466314614945837,0.08258076285417847,0.5442033614605649,-0.07402448104026127,0.006629631522925114,0.05468393772616926,-0.08042139009496926,-162.19136359826865,0.17850081446494523,0.09136970563889424,1
-0.04495362359337771,-0.03860157259609582,-1.712380948142303,0.07739991756658655,-0.026037971982920835,-0.05982106263746709,0.08346205242791856,186.03814022782723,-0.2323922302090355,-0.06734656059993055,1
0.06227221611592792,0.1715204754921753,2.0872556442415484,-0.03761036349199197,0.08868099764015222,0.3490448921703725,-0.3084177002560349,-217.939951178237,0.6622633505884976,0.45827110238246976,0
0.08762287661350102,0.2181689556972914,5.127675672230477,-0.24176339092978935,0.04678845590529949,0.1698889816904047,-0.24296513087276458,-567.2702534587396,0.6035981006975406,0.3154279141545661,0
-0.0850905404391435,-0.019416214730134718,-4.136489844497004,-0.22701095474254077,-0.14375362155522947,-0.44629755053070913,0.30019984227377666,-337.15122281504637,-0.5529477107273697,-0.439291492930848,0
-0.11221183639140207,-0.1273879991243344,-8.256566613502972,-0.020031903926543464,-0.09790073385879265,-0.4047581272450021,0.33289291582872604,57.55185557750658,-0.6625289671939576,-0.47122831502268697,0
0.006641922362474187,-0.01492992360764226,-3.514156474387161,-0.03217728281957076,-0.025202407849067993,-0.12904884196384497,0.08268717492511916,-29.25500675763965,-0.128691274309696,-0.1281894974262263,1
0.011675386478462123,0.09816738135635222,1.6088315966127649,-0.12030232785862958,-0.002073985989267613,-0.0928027829435437,0.0012394334513857383,-245.2281263145972,0.05046186730740156,-0.042711096431612576,1
0.1134802145503166,0.22705154483076756,-3.3895756088152664,-0.11638433288969012,0.09063085627416606,0.2872668615217413,-0.3425910632678781,-378.8315979203839,0.7075806068667304,0.42469918792505895,0
-0.11078668471271302,-0.177615713873501,-3.038491843394373,-0.01834412801334328,-0.12528636170121366,-0.42549623281303856,0.3512070051432294,6.444284959087603,-0.7007985353724747,-0.5491836866950327,0
-0.061371371058910724,-0.13770966875281315,-4.936705179527888,0.04495568930608941,-0.1333234590323795,-0.30395578098483256,0.340501094426959,159.8601049826577,-0.6592254188270444,-0.4129415853180517,0
0.09622477137831334,0.23384035625024036,4.676655544064613,-0.22993345858842135,0.029404796744453458,0.1761133921346542,-0.2382551527365272,-616.443482979859,0.6178612176016688,0.28642428911790047,0
0.008254866045769532,0.05523729103912726,2.406815986782083,-0.10387675809315718,-0.018971534446450132,-0.07209623817234123,-0.03250635303620329,-198.46988794473094,-0.01796436116237888,-0.057197716366883894,1
0.044689024722886994,0.2366866177932498,-0.3492605293841116,-0.3360835059343211,-0.03682571632183731,-0.08594488393150043,-0.07289375236556765,-856.0517946100126,0.34711451378629576,-0.006701795126198895,0
0.06037078912844829,0.21560093508718162,5.09327648934755,-0.1614548654220925,0.03716196663962471,0.16485780388162216,-0.26128493235408845,-467.24981438519404,0.5734661703769866,0.2972543227723872,0
-0.09353341175409087,-0.03789279348027116,-3.5988950090411214,-0.12575009002505624,-0.17313973648314687,-0.44150792379145987,0.3331747749003087,-169.86210171972976,-0.5855138724521323,-0.5246097800476948,0
0.0666493830618702,0.1192794934877923,3.9268664891011897,-0.10205081066102893,0.009161992680119599,0.017896676639733156,-0.0780755293782758,-267.1909577022151,0.15159362314081948,0.054635113782176656,1
-0.07594768640643704,-0.07238652628869101,-6.840813839060421,-0.10532080123476416,-0.12745852516696635,-0.41810825886776104,0.3292040315524907,-163.28501199046153,-0.5866567858973892,-0.48886765198393617,0
0.09846665448641953,0.10468707507058803,4.230498602357739,0.0876383576656152,0.13744987167504488,0.41646385931123947,-0.3155496905484912,79.4247785784821,0.6248077422649326,0.46537282574682276,0
0.04590294568173371,0.0994317120387213,1.4651774851260075,-0.10788149635174182,-0.005326904594309465,-0.05223840846334548,0.017082218479043988,-272.27103611354835,0.02865989844223826,-0.024462670415509646,1
0.015786033854277955,0.09609747768075741,3.5250905049364207,-0.09815690619504543,0.0202352555575085,-0.03170757940613784,-0.013119629672972965,-239.90548047585526,0.1191972735259211,-0.008911107124777662,1
0.028625272609329015,0.07317714375576025,1.2409345041696414,-0.11031519076457251,-0.02094631810462986,-0.014425530447054375,-0.029977785749524297,-276.6282602888133,0.11971526881697328,0.004190790620193376,1
-0.01772507140070593,-0.06059425263941042,-0.8283443452569045,-0.0008055946164896537,-0.008703184773693251,-0.1487283450600027,0.09062640788399715,46.67082299976652,-0.22942818875299484,-0.15798760466835887,1
-0.03140585656811444,-0.014313429545329772,-3.7487914801861137,-0.0034617665164671367,-0.03600560032034883,-0.14660052849930283,0.09506371053258283,-16.479698261210466,-0.24057422356806454,-0.2015851253662976,1
-0.0015586193766303686,-0.040751814796441965,-5.846742399504088,-0.04026346969136854,-0.0366555133356815,-0.10995281870786552,0.09240637147824209,-26.043321459010635,-0.1860226007003797,-0.14230650096586486,1
-0.093308578203711,-0.05824036518987246,-5.303222316639542,-0.11262318925354528,-0.1433911715907872,-0.4507762160176478,0.3197691760427448,-108.16877363030801,-0.6803866046887826,-0.5258592336818724,0
-0.007021348970558893,0.12439592582444012,2.19129576510759,-0.32769881544425633,-0.11277807893495262,-0.31789391632123715,0.13403054365033987,-641.7868521342567,-0.13306825357048704,-0.27189513183581354,0
0.09815974177875422,0.2512128044910564,4.238174851816387,-0.1378083134894187,0.06790982469349711,0.23714028679182367,-0.3035102501432832,-427.3519453496002,0.6954326232555896,0.408093301130888,0
0.010750858836947267,0.0613176777926425,-0.7628956765991111,-0.07089163163187034,-0.03867329210021578,-0.1310409664740721,0.03290642197829625,-153.2777809729585,-0.09385332629476602,-0.09748843932732959,1
-0.03306415605581055,0.09872782973609516,-0.0031958307545902264,-0.27939870509533354,-0.13338457217686084,-0.42747608608729915,0.2052189754344028,-606.8168413257963,-0.29796520514779634,-0.4374756283734635,0
-0.08526493383094443,0.07578996012574638,0.4844914367828938,-0.32100427125356884,-0.17539896373187114,-0.44871353076421433,0.2545869158150004,-562.1873278759539,-0.3607418806313732,-0.4358624664794828,0
0.058684779431494756,0.06086654347999234,3.8064346764443937,0.10741892564960065,0.16498441291333774,0.4545787797247182,-0.30150323981032245,147.26090251006764,0.6149028051492949,0.5079649798504104,0
-0.09087511662993916,-0.24104363272783552,-6.302492326249746,0.2504555965169799,-0.04979932703285254,-0.12508164025243587,0.2271852972579449,643.5084626404253,-0.5756304007904278,-0.31014636631417236,0
-0.017554952420419562,0.2107923596009462,-0.14353183940946726,-0.3853252679956827,-0.09266317089021187,-0.28930345823457027,0.07741361969232058,-884.254075633938,0.016047202965375016,-0.21852176242134444,0
0.009021437114020524,0.059804396898743575,1.2815643093918077,-0.04282248842011591,0.03478930978287736,0.14691316043336175,-0.12034565956843495,-160.26254279179824,0.2765015295054154,0.13958820102270422,1
-0.019668930274404035,-0.043979794391944174,-2.613465001032111,-0.004648651937031327,-0.03669638571205663,-0.14724014795158324,0.09476094978610686,46.86804249811549,-0.2077496490372185,-0.11398973455613849,1
0.028278253841956827,-0.027519296722960503,-2.514422330749588,0.15608857816319638,0.0846952880588169,0.15605638005038644,-0.04854525356424396,273.9438613837007,0.060075638219149165,0.0943707920548098,1
-0.09921685505058712,-0.11947969474167022,-2.9943866187974035,-0.07704074493748493,-0.1224830227248468,-0.4185434447163035,0.35703561231601666,21.648861706776348,-0.6800650633936648,-0.49934019353843867,0
0.03033604231339613,0.2179271470308987,3.5116384485447933,-0.2370448555716018,0.040458927331633594,0.13600140019902787,-0.2056626841399646,-607.6400594070855,0.54558109061032,0.22306574579973315,0
-0.05202648053868647,-0.252310953498225,-1.6581080810093372,0.24873661369220865,0.021309646393847782,-0.10671717656972385,0.2232352922018951,650.4385596136996,-0.5204770058070294,-0.20737561775672692,0
0.021890000149018967,0.227248172050595,2.628736840537627,-0.3209906268230576,-0.0031897432644036067,-0.0042707480917094165,-0.1347004786507562,-755.8546153673628,0.4446556707836169,0.08079446675629454,0
0.06840213597048776,0.17927085932084758,-0.40883339244213,-0.2563894458915577,0.07040290155992253,0.13413121725393715,-0.1925006384856679,-594.1648365036533,0.5495471856955105,0.2542878496836841,0
0.04106544023532744,0.0803212983617792,-1.7561582860754148,0.002354994187046758,0.025610023421985994,0.1333555758749983,-0.13323174734335022,3.1363121617900487,0.20277772579497486,0.12615129016312354,1
0.04671392979268172,0.03219986299348278,6.876003402172628,-0.028238345180842353,0.031475834084083304,0.10880014089315934,-0.0900152854580936,-128.02045372317846,0.19107106688181608,0.16166644024373425,1
0.011991520278327792,-0.07287720785182532,1.55606599079007,0.16369324958087964,0.004805351182987368,0.00330484796679331,0.053020229218066504,334.7593511523623,-0.13300457595858212,-0.033632312755462565,1
-0.050876187852306805,-0.2687636143252382,-2.824565510812639,0.2686146846694624,-0.020913449370690694,-0.09777543214107717,0.23145992721521505,650.202456787255,-0.5593240250630219,-0.2554040160888961,0
0.09467832802352989,0.23476041203770745,5.776462510211415,-0.18719105196662197,0.06315534662862646,0.24717149011504205,-0.3560449673927043,-440.22499707981297,0.7052501904429022,0.371101420670785,0
0.05184984422279226,0.07695849127794824,-0.7753375154559465,-0.08477956081060598,0.0476595887396434,0.05689377690036484,-0.09296331442363592,-198.03866824705827,0.18804888645785367,0.10076338973728294,1
0.039710148974320465,0.023002253736767894,-0.395593926596621,0.08982322364984936,0.041337723904968204,0.13190382718406324,-0.08519972919244008,153.39676864801828,0.06442339895500712,0.1408620782419252,1
-0.013985711110935328,0.04012903974934325,2.1279789545028254,-0.08536630141056656,-0.017499980757191586,-0.01245385672162071,-0.08678886548849533,-231.70427098884522,0.11618087719209702,0.044651009238366526,1
-0.01258998066612949,-0.0699983555552401,-0.18829565057475744,0.09206699961965954,0.0038800222788508173,-0.030352504937075704,0.03257601688282357,201.76686672182296,-0.13896082066224036,-0.060223258668300514,1
0.0769845011510939,0.1956258680199586,3.046886190439956,-0.08609391158028852,0.0935549501862595,0.32598685872791794,-0.3321931954318141,-287.1360666326772,0.7380093043966149,0.4292448257698005,0
0.027210390808790414,0.06373061504091805,0.44463239360870216,-0.08623270701911435,-0.016649815303817327,-0.04525870032779064,0.025020028791011648,-220.2264495914094,0.04635654940972638,0.0006256588642292241,1
0.01899185756583804,-0.04844936777847695,3.331063900335005,0.10113969564323357,0.025271028963186382,0.11129008144926414,-0.04220813141350866,271.8725427296371,-0.01200787840543869,0.0798029414565279,1
0.02229084393868911,-0.17703721076071757,-4.054305855368521,0.3507173754016796,0.10993854284520957,0.3791260532420766,-0.14075962830311295,766.3426833348742,0.10697565992370493,0.2759323918195066,0
-0.03212152304343916,0.03206150208989896,-0.43468815113721126,-0.05420056433804038,0.009902618280660667,-0.0802944454379868,0.051590568070847415,-133.7510073720849,-0.0773408139007575,-0.06415619757142195,1
0.060113859644543466,0.05802671413389309,5.342041351027222,0.13182114385678217,0.12366246466259535,0.4640317427188752,-0.31099989661731886,155.23287773264835,0.5860264188202446,0.5108999204880422,0
-0.035987608201850006,0.16309332378247127,-0.39045718410726965,-0.3831746050847779,-0.1075742259473854,-0.38260622367167074,0.17082043740159814,-776.4779865641419,-0.146414452265691,-0.29570201306428817,0
0.061540360665015344,0.07165615946224385,2.4502769665760855,0.16040277533959763,0.1367532044226013,0.5005300605751214,-0.3083513865106089,302.12713036999406,0.5753052533514592,0.48895960659312665,0
0.0020778623430116965,-0.032709495189956195,0.7313393430571253,0.08149129943089313,-0.0070044628810435414,0.09358931944290737,-0.06676988237869093,199.10775557859793,0.05672663798592253,0.09590133848489692,1
-0.00524378992819184,-0.28035796759663584,-2.374558055834226,0.39986765495630266,0.09632423792767736,0.14936488462876607,0.018583866866633485,893.1495801426965,-0.24010479661425346,0.06154620823880885,0
-0.07063554591891974,-0.30706113202915714,-7.231585576985678,0.3283460632324914,-0.011259483499009036,-0.11062678363571869,0.22996191101976687,772.877114800382,-0.6030385765211386,-0.23197995175150318,0
0.025409211901517625,0.08356177910883374,-1.026119547302299,-0.1007235307992181,-0.07147467277617128,-0.06500168809940512,0.010350646595490648,-258.45197194637393,0.007873093361108575,-0.02582586691069762,1
-0.03295766449532537,0.14679538609537923,-2.5848188548715205,-0.34603071325779905,-0.14475535154799934,-0.3657725841993208,0.16615298718154342,-670.037613878105,-0.17575861985432303,-0.3335916311317801,0
0.1145380550516573,0.10583705014346322,4.755646469344357,0.047870252183077916,0.12932800124157695,0.42969368583720224,-0.33816844621783887,-39.62025952778348,0.6990342949748798,0.4805958311840777,0
-0.03976141110465718,-0.05336842469920402,0.6957206399808594,0.07595081311314102,-0.0112219931144033,-0.026898958013341984,0.04886412691971899,140.19375564880966,-0.17629225624455128,-0.09125866724084553,1
0.019240688844086473,0.03789374568735418,-0.2795612442074031,-0.0318922326471187,0.0045804084575147095,0.05343011374536431,-0.039867535255592286,-17.33570414613672,0.13058683292000028,0.060194129451747194,1
0.09195921262350414,0.05950434603923497,2.723156261690763,0.09164103013264509,0.1110549451083596,0.44405820342562097,-0.30366794395355734,149.94600339836882,0.6330839693719047,0.5056125434909478,0
0.04937296749959287,0.299356393879502,4.351439962743287,-0.26741181488639143,-0.018766536649558834,0.03900909946814244,-0.21462070062110547,-696.7775149272545,0.4436415922424524,0.0994849727244203,0
0.005239199524803047,0.044099433329453645,-0.8563952165794462,-0.09123075567486987,-0.0008519506922638243,-0.08141729997381852,0.07568587355142783,-160.7276604677801,-0.11359876613227676,-0.1348923248429475,1
0.03203923879806591,0.01414043219877384,1.542225431096786,0.045772529007746345,0.028232315090048518,0.1746805286779486,-0.1324487645667001,114.16958792094069,0.15811615092888237,0.1640460326252553,1
-0.07139554946595054,-0.291917737565016,-3.3026631392298027,0.4099542112011622,0.001989039927080735,0.06614771897177743,0.159670152666158,824.0184272481329,-0.4285723908304278,-0.11705353193367848,0
-0.011235903098914434,-0.029621734078011882,-1.3308663177473197,-0.02322250493536844,-0.07489491783664239,-0.13760195057308938,0.08229598404881903,24.629023093377132,-0.14946502014653545,-0.11959147579164002,1
-0.07832012960201142,-0.12565798243997153,-4.549222539359308,-0.09314117228562446,-0.10984811455540913,-0.4066086860839182,0.30159580047088197,-76.78732415550374,-0.6551944185612582,-0.4975437639129427,0
-0.0250892553244438,-7.823198535388127e-05,2.692874546747085,-0.11773392358282544,-0.0845683025486053,-0.17269868920039438,0.06315531628713644,-184.4182322475413,-0.15429913013290056,-0.13490213991485156,1
-0.10114864926949478,-0.01195341422561574,-4.057231479618036,-0.20775911478074682,-0.1671785838141643,-0.44208927217881255,0.2967569735305244,-314.5836914238326,-0.5150769367342005,-0.4740615341099568,0
-0.01755965934478031,-0.09267723020554919,-1.479875390458135,0.00192950945774792,-0.018320827062203393,-0.10500172965398519,0.0947140189927804,98.58885643680848,-0.2249865485077285,-0.14683617019514567,1
0.07298449026108612,-0.12396722647262859,2.034884255573125,0.34621962717752064,0.14637304880962157,0.4545859685020216,-0.20661239896378783,648.5710363909969,0.32261075004996426,0.3921972864259803,0
0.048513532860193304,0.05338319391586871,4.694862239103833,0.011400404053687313,0.029888466688713818,0.13930150160941207,-0.12859234345184864,-42.451817142587494,0.18611907649290785,0.15980675198559352,1
0.02666350401153987,0.2792703001767435,1.5790406972195383,-0.25669396463801397,-0.006129081650223547,0.0685588663285111,-0.15824981256463982,-660.1576099627933,0.5084704315394117,0.18854231984397735,0
-0.10538324336360948,-0.2418552451447652,-4.211033101393143,0.1944807247770895,-0.03234087386577712,-0.1903984983947444,0.317569389516655,519.0567721520017,-0.6508684286207729,-0.3530810473035468,0
-0.06762544426434494,-0.02736826443654539,-0.3864571399024225,-0.18418586899600303,-0.16810414840868013,-0.45035976254428534,0.2957379535431013,-290.3793721718094,-0.5615562427387075,-0.51122176527307,0
0.028325455512601266,-0.027699806156205042,0.4653629479351469,0.1095199509873472,0.0431424501556637,0.08704868474408198,-0.011020238742732294,247.02927365560552,-0.05216887676338716,0.06446183105992608,1
0.03841019889384362,0.25367958392211104,3.867091366551979,-0.31559888159883687,-0.012335303541476718,-0.053524701749746856,-0.09246610822532644,-778.323239012703,0.402666572588861,0.0917019803453834,0
-0.048165934802584166,-0.27943269031563017,-4.736103550338847,0.35128915352716167,-0.015086880636834799,-0.007334253065855908,0.16917061498432734,778.9353548793132,-0.45892010053296695,-0.14542607908401814,0
0.0176387031594023,-0.13444384818335672,-2.327041131609433,0.33341552064035207,0.1360253425166732,0.3800208384416177,-0.1568136786477887,677.4647252815164,0.17292845402610155,0.2930508180147815,0
0.011360889129557362,-0.24427193153571897,0.08926530348128116,0.35839514452995824,0.09876258679825428,0.23244699699385848,-0.07237953936703856,754.4207564509046,-0.12906959663731093,0.16852374524078362,0
0.030429982934759774,0.204838888358834,3.2247448963415666,-0.34655064752265025,-0.10956458563211739,-0.2128140436758582,0.03485310490772003,-750.3008581791767,0.11721398394471322,-0.16931636653343077,0
-0.10614828411650015,-0.14716738818620473,-6.639369372486399,0.021760377041187506,-0.13728438380784358,-0.3915477692991113,0.347169059875316,157.06258767703977,-0.749411139694822,-0.47940207540777696,0
0.01607922694331638,0.10101374920351174,-0.762214267674074,-0.08566198598748744,-0.012787089791067772,-0.052887028042200204,-0.010422569175347077,-277.407826983976,0.12223930782306532,0.025739801536302037,1
0.00019978745281381633,0.0335568499008791,2.532529126138995,-0.11022308323605835,-0.038866878253504204,-0.10150034717478744,0.03987652082970433,-282.53048404052095,-0.041789835759202296,-0.08417110778870145,1
0.06329450124948349,-0.0365124182910709,3.2537582080166536,0.05538524487645898,0.04019320227184268,0.13112450687754457,-0.10215607066009225,145.57475197623282,0.17838663420343015,0.15835364626309398,1
-0.013123796123601771,-0.0432747449688777,-2.1163254539773866,-0.035445653265149625,-0.060439079417039014,-0.1438617542139187,0.10274729917689708,-81.42097039522083,-0.21855965903004265,-0.17976631342814,1
-0.10396610164678854,-0.18017890853372534,-4.9825066638064905,0.04310094085474247,-0.13072497969366095,-0.3073346883810866,0.3285388469483566,204.58071315426562,-0.6745030815844316,-0.4440339253108596,0
-0.09885281009262473,-0.16853012767415185,-3.9003394114324546,0.038097033466439105,-0.08745570441005752,-0.39007214962867726,0.3380878103312052,159.06822022155117,-0.6899768786394926,-0.4800434364068636,0
-0.006805797082132037,0.2338910135084395,6.205811430255485,-0.39059167760297264,-0.07569180282958013,-0.13789175656002198,-0.03384204425813696,-820.611922244248,0.23844955415431215,-0.058636495052183935,0
-0.020203491861429477,-0.0916353089314795,-4.222294748675225,0.0882948501347235,-0.02049770842143131,0.03170702640474856,0.024198383632015565,213.21792549082605,-0.1868994524401828,-0.07001755209805777,1
-0.020925373848533237,0.07670279415998967,-2.792377163529749,-0.2576558741433068,-0.13819432130456877,-0.41877335339279814,0.269341649357845,-439.55741473997347,-0.4106842009680012,-0.4628328042313383,0
0.018606520747968744,0.04620078905291158,0.6015070963249542,0.015107045892084713,0.03893285623190427,0.1131235305804188,-0.12668417867387236,-1.010834980797393,0.18687572411606315,0.14795927108368775,1
0.03431311005547843,0.08537666754963408,4.978657288961909,-0.07505942331545788,-0.01545676467206052,0.03634177075692101,-0.047237843223315146,-167.8890545238905,0.17926604345964953,0.09359185301196733,1
0.08062615211323203,0.12768352647106723,3.925893950061954,-0.05477447978936708,0.12612452129766386,0.35152525278979047,-0.3375975902257929,-205.83219274072107,0.6861175455189961,0.45241569152312877,0
0.05040381101100977,-0.1538814486152078,-1.225649772876754,0.3833427847182895,0.1331225649677578,0.35377461754596307,-0.19417630983989817,697.592736263654,0.12940464671899554,0.3510234324836596,0
-0.06653137453206777,0.06561706801051533,-4.673731326139096,-0.29914055251477234,-0.19010210439550435,-0.4882602360436206,0.28112819259791766,-574.9912655523502,-0.43495336655927375,-0.4592637826755661,0
0.07046518254433884,0.09984073477613062,4.242238738424068,0.10611993371700142,0.12204870902261432,0.41925451357321236,-0.3382963458796679,81.8738315458677,0.6881180469926671,0.5054017347113907,0
-0.04259382775126483,-0.25193343922743716,-0.17148597603149612,0.31027648046420647,0.03174036763242536,0.028827399301586832,0.1180871640272969,773.9460736390372,-0.4453109323307977,-0.09078985804940704,0
-0.030604511662440492,0.050880972150927614,-0.25941968609930094,-0.14473071577935667,-0.0706765861563419,-0.10230389119985762,0.040043326150972995,-321.90025413494203,-0.0038739292006801577,-0.09520532039369772,1
0.03947524042429547,-0.004191610942674937,6.922965206346849,0.0646285684998115,0.037264513990473334,0.14338958898205326,-0.11601113667267832,94.24507102937176,0.16052540362499143,0.11657137040484228,1
-0.005559120994377355,-0.06488257059743786,-0.6643861703188584,0.10946264440481543,0.0037050282120525764,0.04169985639619994,-0.020065135050914878,255.1419258739332,-0.03214065787119396,0.030608203275166692,1
0.0474299770312617,-0.14222575295782905,-0.007639707106312875,0.3393160866607787,0.11734307789672423,0.3424661593830273,-0.1205531894398018,679.6374056478505,0.09304153350114568,0.26824145791310494,0
0.060472841839827186,0.27814388714946103,3.219214180952653,-0.3280836037455879,-0.006215819582764632,-0.027858975201338017,-0.18743264439614304,-760.6516245582482,0.5316106298349944,0.1813422497211102,0
-0.03514282213928117,-0.07373625576175269,-1.9430832412139727,0.07170052942833656,-0.0004291766653032614,-0.04328587478614089,0.08021969478195001,227.8045198276235,-0.22662458587171366,-0.08047069000007133,1
0.09272576658346773,0.0032703906986824975,3.7607034286099164,0.2933896758616112,0.16792211497140444,0.4645372056107948,-0.2945500026078892,451.8394032835396,0.5274382045798278,0.5047682953384945,0
0.06467764307064043,0.041765789329197014,3.579223762080525,0.10605384383528518,0.1359406845734458,0.431278891952722,-0.3247490557142531,140.2303600627503,0.5857335705197981,0.49354451766636137,0
0.0030969513142254344,0.09737690078860883,0.76042321850837,-0.0985975417860392,-0.033198804402861784,-0.026345739364115772,-0.018551885187902822,-290.32968555947417,0.11664011877497006,-0.002089475134240598,1
-0.07015098938418925,-0.24547685822522627,-2.6212456424633053,0.15342340832894816,-0.021686062515151358,-0.22415120779660508,0.2618782735368884,490.9811524165881,-0.6472946252481265,-0.3365986505164909,0
-0.10071728768521754,-0.1505505904276203,-4.591827728828609,0.06665546090982492,-0.0750173874260935,-0.29365914329329396,0.2682620775395276,235.35622852541883,-0.6108568401644988,-0.4213664232846206,0
0.005817736540846124,-0.05219723877403797,3.666832292685096,0.0638265725956098,0.03133153987067868,0.07260954994970194,-0.061108854368020125,178.27907022155657,0.046558969389383774,0.09560498320963998,1
-0.08154902109974987,0.0303891053165929,-0.930418534742094,-0.2616417192509289,-0.15763803240892546,-0.45996157456856546,0.2867993887137519,-416.17215486477147,-0.4340373282256764,-0.4534114184288518,0
0.07974360488687082,0.11394358312826733,1.4389857795501149,0.08637149189074754,0.09954701723143183,0.3965067925578956,-0.3168013759799329,-10.779472739000372,0.6057688369814936,0.48023862208512413,0
0.005011256313376858,0.07898611184163279,2.459201873646601,-0.09597486278654066,-0.016609706520514897,0.0011890885309764007,-0.03205811180683246,-189.45413363402022,0.17554606723743654,0.07869506143446262,1
-0.07953770272634685,-0.20358159166304063,-7.356747940413576,0.12375655663268269,-0.07244535780404103,-0.23041394055715908,0.2638877491607022,380.07413632665066,-0.64490673129704,-0.40378778556562744,0
0.028540027999608145,0.29453492168351797,-1.1450191360777084,-0.35364128365359404,-0.08817303071891976,-0.15278949847862594,-0.040769296986695715,-914.630408805297,0.2843135184387901,-0.041542454628068465,0
0.09420979680330391,0.2097992467114221,4.753474646839331,-0.16263522921760146,0.08066766424495025,0.2151659513922739,-0.29094606738902645,-437.844029782413,0.656232171160815,0.31684382767800745,0
0.0029537195138081653,-0.05398977834872346,-0.12014475560456724,0.011810327691457668,-0.002450176272315083,-0.0770500144675078,0.10145110042866826,117.42401817193804,-0.2116305273381869,-0.21696562706833455,1
0.06736212094466443,0.03409623275710619,2.1635556498343105,0.1987549293481025,0.1505953527960211,0.3808487580882242,-0.2919605070147744,288.54684450759606,0.5103277305946343,0.44976996147556536,0
-0.02430646127291295,0.10337045708713877,-0.8713608183118084,-0.31147323701924573,-0.149659272001215,-0.36732081967604374,0.14510393019331785,-656.6737082507258,-0.18451136221653147,-0.2751689522591327,0
0.044312635923354333,0.026734470691523977,-0.9899769359654392,0.037425090273986786,0.043274209894744224,0.15035441592730478,-0.12121103195452054,79.8034437981411,0.17994401498783716,0.1435399943169701,1
-0.0009005112103804736,-0.0007467101848822851,1.7056887033053125,0.084468563771101,0.0722613848051478,0.10683692034260428,-0.035212554785644584,152.8593833596812,0.06662334897752903,0.11689442737248798,1
0.02039756756128172,-0.035400751158860724,-3.4786366698235813,0.10659009250031269,0.041169223419022766,0.15286889054602704,-0.0737064668706413,182.06295023690808,0.10834234308465068,0.13575319801985442,1
0.09939983708298467,0.2475162852622564,3.319407995314347,-0.20685293548417033,0.0309811951635305,0.1839757752716957,-0.21381082083045913,-532.4324438271452,0.6238360934408914,0.2937532150824239,0
0.012423015242747405,0.02081278454882392,-1.6741175300679372,-0.07981631864031474,-0.03816474078927396,-0.12822747220972414,0.054042688420785974,-140.07597679651806,-0.10796110154388498,-0.10305458375653882,1
-0.04102123345789126,-0.06530597986344973,1.7247685602050538,0.02134012624637782,-0.01982810352817319,-0.027182731250435542,0.061348434825308315,98.72682775086929,-0.12113780956834193,-0.07219077561408821,1
-0.06508315570190473,0.08252126851092186,-4.895651968548702,-0.31944158650766113,-0.169179305184593,-0.45207432907774603,0.24419779401861527,-586.4389959767201,-0.3406101479551656,-0.4470006447422301,0
-0.0708499500394144,-0.26983689366014746,-7.99654265174487,0.2656473694990472,0.004629210643377224,-0.11355147978952325,0.1823586442478319,654.9365183805329,-0.5498764421589396,-0.22600271251587775,0
-0.02254984903567234,-0.18559043987556628,2.3442807282466642,0.35050322687702234,0.1111613144833163,0.3327455106245655,-0.09689556144052411,828.6335691835335,-0.011773768245122579,0.20543095591990024,0
-0.00517213563622506,-0.0027101211575387306,2.1143267336880647,0.08693916659019416,0.04551497963068484,0.1391333226948069,-0.08974516900472476,69.74401808693483,0.15807705764492896,0.13747739318932048,1
-0.01615824821065439,-0.08923230227767266,-0.6007485094678537,0.0955150888145752,-0.000778226513643292,-0.06414509541879355,0.057693229800749604,203.1730396871416,-0.2163693003340112,-0.08035789769066973,1
-0.016704353531188994,-0.06461913199759749,-1.0383761952402526,0.12051359701379837,0.037763823330821594,0.11897172772725881,-0.006551300263479643,220.45308620353197,0.0032343184067829354,0.05512709175316826,1
0.03808849100578571,0.05497817237965453,2.79621050932014,0.02381776977171231,0.02153141033026629,0.10378262445749557,-0.09339531507470558,-73.2225543479831,0.2229161350428364,0.1542817355182896,1
-0.059368038003201756,-0.21663506734654728,-2.423440588849471,0.18002204196158764,-0.06726543802462177,-0.23117236095762245,0.27981427655785973,491.42434607731764,-0.6120140028426325,-0.32885912204453766,0
0.04839634386523803,-0.0834570850952659,2.311037096781062,0.3177198619876268,0.13279078054005136,0.41785091236203264,-0.25945080151740785,601.1711358796542,0.3623473987649782,0.3748666911761177,0
0.00934268818123696,-0.06424880981942561,-0.2150980368810027,0.009330317629771495,-0.021403631059031595,-0.09600756161944679,0.08552413101799371,37.59544918997676,-0.17655430444280887,-0.19938401352752158,1
-0.057370453629734856,-0.0036042045070870327,-0.7607327041716078,-0.0034584450944517816,-0.03575003517220161,-0.07563427138363302,0.11620977427143449,-33.985989330316784,-0.12539609972455107,-0.14242391860368459,1
0.0006607159339524582,-0.07626911998253946,1.7327402498972129,0.13651103208464413,0.007906995894859693,0.10105052561390904,-0.045962168919871094,336.9652890234632,-0.03309333370807403,0.021068375536055478,1
-0.03849548081330713,0.17149569448348126,2.192768172806836,-0.38079984966459496,-0.13997813597640169,-0.35442475108221155,0.1274067910009586,-791.2850153737741,-0.12535845761598924,-0.3343306467136825,0
-0.10945080763169775,-0.1878607708660722,-7.426109940238111,0.054739993861631815,-0.10829085379538557,-0.32000168534217194,0.33366057692584267,254.9938867499269,-0.7093227472973141,-0.4949370246133974,0
0.06385141747818363,0.04728605319758816,2.385051137116279,0.1808165824962235,0.13075825108526115,0.44756490040299646,-0.2992478208393811,278.9676433443657,0.5434032397769568,0.45976417288877913,0
0.012048136111526967,-0.15935762452310268,0.12139832267555227,0.332514090982125,0.14001032880849118,0.3292340699698455,-0.12434566150866379,760.5906741114358,0.0562881420162166,0.2718275530862422,0
-0.03765673680712204,-0.0771178660372424,1.3565991961160195,0.05841584916242337,0.020296595662603868,-0.032758676094215844,0.06741635016244237,137.79355831174146,-0.1906570988982031,-0.08566264284827627,1
0.03917362225065242,0.08417678912241117,-0.4475038040691938,-0.10145211137923686,-0.017871006280193998,-0.05239714706744528,-0.031688022858907365,-199.50021217931192,0.10584858384043067,-0.014018826060676011,1
-0.0881509618143418,-0.28468389123234006,-1.0370922610700952,0.3384542433621922,0.013725820851508051,-0.06758534074056018,0.12808117692277557,731.9585191463524,-0.5393962298536874,-0.12289609601017468,0
-0.1046746043046794,-0.14238735828352997,-3.2035859079927698,-0.0004578444356185917,-0.09961358655953467,-0.38463469735767075,0.35562354322885825,145.42047235561742,-0.6875430481487378,-0.5096287333854154,0
-0.06123282415757596,-0.07933182593359094,-4.521178349291104,-0.0054247972698029485,-0.06831572154579357,-0.13530987851489923,0.14272420380212794,29.746627774516927,-0.3338755984995385,-0.1715331580208334,1
0.0009472929873209449,-0.06508930353634076,1.2689169918414527,0.042593352810886276,-0.0476898444024277,-0.08090285662596142,0.08216241729232732,68.56323214186672,-0.17226531206804313,-0.11346353880621154,1
-0.09482692280385133,-0.25351432418081377,-2.0653631153331067,0.26941318969819733,-0.015153752044528023,-0.10392755677927157,0.15771666592269742,636.6304888124662,-0.5032259537570516,-0.21680154803459994,0
0.07048387433746262,-0.049217994075200826,4.711192388410109,0.26510757614579694,0.1417547813357471,0.43717266441506647,-0.2648969027308593,466.9187953181618,0.4167992389206701,0.40738605139196904,0
0.03485652816985141,0.01047876681001972,1.6220843963357447,0.05490444055903779,0.006946813136219954,0.08743668677631351,-0.044975949367663436,148.68673585299848,0.05219483721284577,0.0946778498834463,1
-0.033895421045660915,-0.09951686518403267,0.13427866079953724,0.09262572432249397,-0.014097389174725507,-0.008046675895410652,0.03025858138661725,218.80172724073142,-0.14345834686712597,-0.0770532033102315,1
-0.03865501309415094,-0.1089584046302986,-1.154772282689319,0.13850216872373441,0.03164156588684062,0.05906188900118281,-0.01734591785147136,288.2742633866166,-0.11145382533879535,0.021858464357750768,1
-0.057036914187264066,-0.06977350325847659,-1.6287958087639023,0.10789592421827703,0.011201018783381311,-0.012029598807267236,0.04370528227133074,268.02672448994053,-0.13959954655187978,-0.04063741901424969,1
0.05573939353641043,0.06296758222725402,-2.6601990165480616,-0.1253362973156816,-0.03368477457398801,-0.018342123314530192,-0.05105449114619939,-267.2789350621917,0.14701757112575456,0.008635693813248607,1
-0.0010838018403430863,0.027793297906708966,-1.1928119613655117,-0.1409285094190815,-0.0365883839591638,-0.11281559719509889,0.06017077778966955,-226.19767734302908,-0.03147475889607173,-0.12400194691890606,1
-0.027726155523256562,0.04318012018373337,0.5054930274685031,-0.12172325319851755,-0.0386307593885967,-0.09241886708299867,0.019862258425197656,-318.61759029502525,0.0347307990834164,-0.09468745057485686,1
-0.06269073964650668,0.06070298452828061,-3.4145351945138582,-0.32180447489473507,-0.1630726924955009,-0.47540794092582767,0.27268127923226193,-648.7687085775021,-0.35172124510602015,-0.48001014346606485,0
0.025328181389523797,0.0882085394752537,2.3179785538560624,-0.046683328461108654,-0.013881393944691055,0.056828067135306866,-0.08716044090296758,-164.75811502301636,0.18878333694381602,0.10222309587649331,1
-0.06899121649652445,-0.20362407258822843,-0.5628741875378116,0.17105819408802506,-0.04232370393371136,-0.1468687405782378,0.2448979082666883,558.4527235656102,-0.5290262315528427,-0.2858387172637098,0
0.03498028910604573,0.029281178625275954,0.7678943353050588,0.03346960312379906,0.0466954405961872,0.19156140224284346,-0.10839876301148182,-26.461047446190374,0.2872566318361806,0.16921725675016813,1
-0.06005059114738452,-0.2500693439976043,-3.924068273661993,0.28446156081032903,-0.013027995243601802,-0.1493379791876213,0.19427765195938407,609.2583499084171,-0.49147192759587666,-0.2443683410682031,0
-0.002331719208975197,0.12563429189476152,-3.4700069768964754,-0.32428437569892576,-0.08108287334605663,-0.36312371567256296,0.15102645075375792,-729.5846495311396,-0.11205006218814174,-0.28072992940351726,0
-0.009843187841287068,0.03862569528035031,1.09441920536319,-0.11524796425092779,-0.030273641122520536,-0.0820188711529027,0.007933594282641652,-232.3212751645387,-0.060350363170785806,-0.08135160348310745,1
-0.05311078137808582,0.08558223720869956,-3.3396373986709085,-0.32403027298022236,-0.15995572776364025,-0.4586110223730785,0.2735258163623115,-563.3106321827113,-0.36929533222107286,-0.4257150607012691,0
0.025036754633731905,0.04356618037769839,3.1619941995992997,-0.15348208297373314,-0.017397963288515655,-0.11929725034528639,0.04899832221262787,-219.18312261828765,-0.016082543372139248,-0.07701034889197772,1
-0.0118776693229156,0.09946145021894702,-1.008830939087173,-0.07451139590029877,-0.01058828980948328,0.004391075749514133,-0.08618295488411597,-249.60616103167507,0.1477621913302896,0.010229089712465486,1
-0.04986700347301163,0.04001506068402792,-2.649032025806388,-0.12841187084206956,-0.013923996354918063,-0.11643569706061808,0.021227629500732755,-183.9418337435036,-0.0451170481026211,-0.04741103484308637,1
0.031667505569867464,0.0941367540704888,-1.8135175200644407,-0.0577543390316511,-0.01653466975968197,-0.01201424096289075,-0.049045075159307575,-200.43392913105302,0.11448012446106398,-0.004586671837025436,1
0.01423538606108256,0.2779272810389689,0.9566634273081267,-0.4002269231109563,-0.06287022284130343,-0.17997013522368252,-0.015899592477322685,-854.7422201783558,0.25611382159677126,-0.08351114629685277,0
0.051045996811006876,-0.1078703974838713,0.7545821249470034,0.3433303536013714,0.15946146558716434,0.40114640426041437,-0.18214409812190824,650.8395424015442,0.25305511446040385,0.35132703065951365,0
-0.018278022095554382,-0.042699826698591084,-0.24921949542699517,0.13150200246628774,0.03162259547171416,0.038548543947365795,-0.0007587663158428218,266.79573293430997,-0.050000585183345644,0.03277852295520618,1
0.025764447655205032,0.05958878372180057,-0.816110397494422,0.026521660144878657,0.024408434353807743,0.15328318775183555,-0.13718522212135784,-58.64825664667428,0.2626566982904609,0.20055166126825452,1
0.015565844986159082,-0.25443308782292534,-4.4798154775399945,0.3843488683349112,0.06934671229508776,0.15956731825887438,0.00304966149015863,795.0184927345994,-0.19468517034621408,0.07537959872406808,0
-0.027140114194308222,0.11701080724870369,-0.7382424419002476,-0.3071764024718312,-0.13519202906329245,-0.42715283896489176,0.23073375067037163,-723.6650521748799,-0.2816529973010735,-0.4092737002215046,0
0.006536286927163244,0.09928910671040342,-1.3040547351649867,-0.11122573860561256,-0.0023124703934470797,-0.02144728924208913,-0.05124297143246765,-294.69700877880615,0.11804897906239539,0.01368240174944639,1
0.040368512442053035,0.2504611938838306,6.0557093056801135,-0.2874938490546144,-0.034714141056181,0.02833371130255918,-0.18704099191939128,-763.7798296740509,0.5088514840089917,0.1691119353056914,0
0.012294782554535049,0.09747958361679224,-0.6879098178915822,-0.08788181040568692,-0.025642825044241518,-0.02324409903317097,-0.07025027075899777,-195.42008893188063,0.0988363738076694,0.013392380008212634,1
0.12479222209750626,0.16396144884860575,5.695309419514175,-0.014103822183821432,0.12172336122476754,0.4285775487159834,-0.38835561341861863,-113.95452321836848,0.7422691493198378,0.5350880828194328,0
-0.011227715127225977,-0.21777525617062315,-1.636982625429769,0.4101148642420455,0.08448260512386895,0.19878878920697662,-0.02225387408665467,884.2374217597235,-0.1503201171679824,0.11758867787357286,0
-0.05243652843796847,0.08945364182781947,-1.3655885896791409,-0.33887980259617256,-0.13043160226929223,-0.4286488031087344,0.2401946888600979,-692.5118225609185,-0.29305932705523746,-0.4148451934412923,0
-0.005134647693844152,0.06266844220894899,-1.7223505737816804,-0.1338417860435777,0.01266387410923843,-0.026731956276146253,-0.0076624898831849746,-283.1084052448669,0.08069266177980652,0.00038745144476427795,1
0.10786072048567785,0.17728606905967523,2.006434444704584,-0.03776031238649413,0.12254449574649914,0.29192859013886396,-0.28698266696805613,-281.55394332955143,0.650734785693382,0.4051002119535628,0
0.04390835659299079,0.2956510149066659,-0.803698929732506,-0.3856160570927508,-0.06498039988004116,-0.14028637639054023,-0.06648032792450093,-909.5414722567699,0.3066586334146471,-0.020034744742223803,0
0.006890417707876033,0.05707885293315559,0.43425521909709175,-0.11677020464659442,-0.0693153968792964,-0.03303166999829292,-0.01038110004560552,-256.9971487990561,0.04192320746530112,-0.02441515171253021,1
0.04511602463595424,0.049632792819884426,0.7227330680091719,0.013361355757848374,0.011063103745756822,0.1169983715822082,-0.10216019621231107,-2.5778851399356455,0.1516288822038667,0.1411662883428704,1
-0.007796390829681654,-0.04328087909203262,-2.4394880193708617,0.15124823925388697,0.013488050048590966,0.035013609231409344,0.029762601728608184,214.8559946487262,-0.08712883863773283,-0.00020286888159562477,1
0.025144119129169425,0.01749696861614224,1.826936345633824,0.07935998933789162,0.054085581198186634,0.1698342705543277,-0.1609226962507932,87.10585622018237,0.19954111617252737,0.16469883761179788,1
-0.045302538089895664,-0.2309427484833252,-7.18831378106118,0.26608000115138547,0.0318220542518079,-0.032488919107459,0.12248937218748857,656.1241074888702,-0.4409770272703514,-0.11445146094653855,0
0.04556599492619636,-0.010168945900313949,1.0134605146972155,0.05191541795536941,0.03060187398877936,0.14596838187392,-0.09709978928573589,75.18210193313159,0.17299191080422488,0.1547529310628258,1
0.03604480125174176,0.04403530535141333,-1.2550943998817756,-0.022036981445241195,0.04149835374795816,0.09061822832877553,-0.09713082112464311,-55.89867367138142,0.15527009235902614,0.07847726443422894,1
-0.058235893161216766,0.05050844372654703,-4.163972597034197,-0.09548037109698404,-0.019927509464557295,-0.10219678865322024,0.04660957045418314,-269.54604724987445,-0.04749277345234721,-0.09312210289575462,1
0.01212176489463192,0.10328175150516217,1.8650746702431764,-0.1313952400052658,-0.03958392334313027,-0.0906973411961465,0.00643002231508714,-338.8442743145252,0.09786574290574508,0.02530288010624024,1
0.04286935062189791,0.0459003968083959,-0.5622217122295836,0.04743390658742112,0.06782376300974167,0.16260554212021644,-0.11567551448775033,108.02271927904975,0.2104363573254901,0.1835730444857018,1
-0.038277179738552936,-0.013336664803996028,1.3002436497010401,-0.04387219021446602,-0.032695960181914396,-0.1374984079792908,0.11511052771536347,-38.42349403239473,-0.2191899501496662,-0.20752871864360548,1
-0.006185041922847799,0.09302412246017251,1.3437910133706483,-0.12392122405625938,-0.010619768758240574,-0.07589750039580363,-0.038668842816914906,-267.4085291062781,0.03096048835957598,-0.004773129282664157,1
-0.1074286460254257,-0.2763802186071072,-6.12876520341819,0.28717448043614385,-0.06889076021420741,-0.11215575739742396,0.24108998075914984,620.8184113190817,-0.583586481710664,-0.24331489927944816,0
0.025609313403457245,0.05175184757138303,5.848056254255232,-0.03232377166832751,0.00630301425498663,0.057710303142926446,-0.06110112814571768,-67.06168524184025,0.14631883898218795,0.0976085247530182,1
-0.08590264426984762,-0.2259082515598239,-6.329336513319916,0.15050071907802115,-0.09037537543746844,-0.29413136328594097,0.2665529184580888,455.980445883163,-0.656958193099685,-0.37628041881714636,0
0.0030658880494320306,-0.04883444680143124,2.0409297837550535,0.07660550301574759,0.030706694220447667,0.13195265630869557,-0.023850038901215162,215.23828464952467,0.07645065857381068,0.13708682263281854,1
-0.010706330636284607,0.054195531240407505,0.6095255127320208,-0.1281202828986629,-0.029374841989699814,-0.0594735784676891,0.007604126652293286,-249.71655221091837,0.06215734903286867,-0.015101305326605884,1
0.0009838054623515298,-0.08126400863568392,2.857491950303739,0.12567769847623975,0.019612822543294307,0.12539756114413225,-0.05163051560860037,270.85559996216006,0.037351682439790916,0.08813525644604767,1
-0.083057986546748,-0.14378337784000159,-1.591134018499395,0.004256894006552144,-0.13139517954961943,-0.38133520746822525,0.3369257027546278,84.32906937673192,-0.6729632133270772,-0.4717577394191276,0
-0.024438408985282704,-0.23808237891350997,-3.832454615634632,0.4177661238855889,0.05982100991586841,0.19206872142800485,0.0200418711254145,918.059953895929,-0.24038450225142913,0.0778316001134364,0
0.00023606236774368212,-0.04883287759436923,-3.0426317782325936,0.12548787890575386,0.012672860506635996,0.011645479356116036,0.030987047321063214,211.5101789073226,-0.12436151165414537,-0.037008892142047896,1
-0.06877292937653226,-0.06225706164767986,-2.582695871903066,-0.04756878823365242,-0.13058184786199256,-0.4197114807824866,0.3292890327548441,-44.08932150500974,-0.617742993608536,-0.47829451852547183,0
0.07662742784367202,0.17905025638837715,6.84595656020393,-0.22340086143865676,0.015449101600195862,0.1436838786235601,-0.18055075307121016,-572.7754202858815,0.5446315669138382,0.2221304435734373,0
0.06660635613462146,0.2895050177016165,9.278887801694285,-0.2867862970456054,0.017809782637904253,0.09327517304165489,-0.21296144665284014,-697.4674497427006,0.6135813172020215,0.23543854415481266,0
0.0019760862553027843,-0.060277886819506306,0.9340465007217611,0.0873201289285569,0.03894424848901431,0.14345482394858078,-0.04308188666049429,227.89151884238152,0.02845057962961354,0.09311026443851246,1
-0.019228296655302207,-0.053752070640791356,2.300158756469106,-0.032909816859267166,-0.04042868939348233,-0.11829806862936501,0.09002204591687256,-68.90696639595859,-0.16183931487386577,-0.14667426343279882,1
-0.030528515401267393,-0.00957559603061197,-1.6072345142612563,0.1339327701251609,0.0004183456478545513,0.14246462336407756,-0.06186877945632931,201.22528186888835,0.0671351613776941,0.0844390828099594,1
-0.035442543074612025,-0.07529273058570587,0.5263158098121806,0.0815586118061543,-0.03203344168170508,0.023386888229858828,0.06964406139500075,246.6723028805649,-0.1416324888055411,-0.0804886802828286,1
-0.08535643844698726,-0.15933650383348133,-3.1696812467727318,0.09503005668632626,-0.0880045661125914,-0.35658419305434036,0.2904655537123165,247.16767898593432,-0.6654974176376889,-0.4430417990431259,0
-0.05013207470678476,0.049091305462506195,-1.4549186788564419,-0.24976443912234292,-0.1884197495946208,-0.46640505534664795,0.2751346008624482,-471.85634319651683,-0.4266396156786916,-0.4566564467344987,0
-0.08057896686460511,-0.25277468150417676,-3.0629681093387293,0.19929881269930916,-0.06866028684169961,-0.2553726962600473,0.29116716126829645,481.34676086864437,-0.6634591295932478,-0.3796404309779374,0
0.10040135173619885,0.23787033938472346,4.315991781347476,-0.17136315949396,0.05916444641358495,0.304194517901222,-0.31007079291762213,-468.8888693213647,0.6639930370840122,0.3877040134604888,0
0.02021492410788653,0.11303565611793913,3.836005618072178,-0.14434368402542738,-0.010443140317480514,0.028621223902760295,-0.05598190058301389,-258.92901136795575,0.21045207677376496,0.061769572952089596,1
-0.02450941577295335,-0.24989882714771983,-4.558981109825061,0.36353406816170253,0.04624800571348873,0.10686849230345266,0.07937659458904589,786.8224873228236,-0.3030576686334341,-0.007197054291576438,0
-0.01710492379458357,-0.05815061156606163,-0.9752513155054607,0.048842749245652614,-0.052899172130424714,-0.0922123768286234,0.04835850912367306,101.20371094659224,-0.20108598514764553,-0.12912666250008997,1
0.00047045202355525486,0.014837997061825552,-1.131679290634696,0.027018521623902246,0.022105810164714038,0.12558339535474333,-0.12032887079380453,46.491549964745104,0.12011284771477078,0.1337744119352003,1
0.02926848629797476,-0.060315314864270074,0.30882641287491186,0.13403880295598505,0.06893909961432428,0.14567776884835162,-0.059061522781763055,246.77865086283404,0.04513010304234871,0.1298056237766574,1
0.004100208361733907,0.1489671372311423,0.1781414267112444,-0.36793807928734223,-0.11990230649062886,-0.3039577750645717,0.11522255907513931,-742.1670487486899,-0.05994181076764122,-0.20555886627257003,0
0.008741715283698971,0.002403810477730611,1.675129244105569,0.08567727969586919,0.026891117854751508,0.10530532122451393,-0.08662454739356173,139.81870854463338,0.11122041291538749,0.14965512331884356,1
-0.07437167783886822,0.11593058070734308,-0.1186493768777278,-0.3092690267190097,-0.14171279799198827,-0.39964228507183425,0.23642442662379623,-693.3589951476922,-0.22119030144614465,-0.37624063172039873,0
0.07359289240127978,0.2718588988815444,2.1857950339045575,-0.3321933878011834,-0.0005678321370943285,-0.05435524351548402,-0.10163947579601472,-815.042971323531,0.4180598075622058,0.11229231965633299,0
-0.028253719292852295,-0.06750777506668212,-1.2884075654345126,0.07982315358699855,0.017831444180651218,-0.11522223582569224,0.10232124574708158,173.50674397245717,-0.3002190103746927,-0.14157129607840863,1
0.027394179284099204,-0.22872338224013916,1.2917097615466615,0.3822564411775884,0.0993803664029217,0.32011838086379873,-0.10452501870940017,782.1186084177008,0.0016797830936842078,0.197407116586732,0
0.07779659922019053,-0.02691119624346652,0.3161326533345511,0.2238043492259415,0.14082078864995984,0.4057722067596999,-0.2313398510190862,432.09385905744773,0.41522234353651755,0.37207251077009473,0
0.01503247733800829,-0.058101432250435674,0.160473049537776,0.10821456770013012,0.02285490031460648,0.1387779421205908,-0.028390098751316595,244.20268057854906,0.02348954593597191,0.10815975316884167,1
-0.028450317390835395,-0.02281904802185287,-3.874308295091468,-0.06232763064767348,-0.08469808879401533,-0.13699232530110955,0.05900997021524769,-98.03488221204745,-0.1320883783437557,-0.13385563489698504,1
-0.008887857235156215,-0.07920935151583326,-3.7939002613130213,0.05319170688376228,0.006694360890572146,-0.10554303321042215,0.07281220092606708,117.1028586669253,-0.23751765319473397,-0.09557295771715939,1
0.002069150297492483,-0.054936358281984995,-3.830659037063408,0.133881821704133,-0.018148112015329686,0.019088312575693208,0.04525306757714113,268.35196473040486,-0.09521082251478996,0.007776266035948255,1
0.037970600214722795,0.026899512317621683,0.611612652910477,-0.022130930661714576,0.014794309496847456,0.08205198995476509,-0.08902583682061624,-109.35870256078799,0.20420760141311825,0.10292587014151519,1
0.02715664742632022,-0.19213368823169222,0.5230889803882072,0.3911267541558982,0.12563017693141376,0.33759559051677185,-0.13633261268722974,786.1345364556811,0.05999770342075316,0.311052468741361,0
-0.0051171929628540756,0.0015201216001769107,-1.1094387413495446,-0.004236404534219477,-0.016058963413516345,-0.07763834225169941,0.09308741766826757,23.088983017016492,-0.16136575447036672,-0.13816938714388827,1
0.06755502584784917,-0.09520583959687313,0.410316265181079,0.2844278232023695,0.17050031435143187,0.4286240300045847,-0.28101555974367254,525.0414329156297,0.34947778753343706,0.4467360269647753,0
0.09011772730740782,0.22480496881443762,0.30383769379415404,-0.21147994452917768,0.038238138681926895,0.1542832483898755,-0.23627324374762038,-602.5747302027386,0.5784781368871766,0.21448028352781792,0
-0.06403613943053743,-0.25510259654594797,-5.558984721041731,0.1847734371656112,-0.07091372323538796,-0.18060716546104355,0.2552736680886752,530.4577000960485,-0.61239893847851,-0.3288920795024507,0
0.02523002295213968,0.007045928412530383,1.1494800684699027,0.08413994096061243,0.0498023858747422,0.10954255139256303,-0.08689952065958126,156.13672654902737,0.1236733998017891,0.12997991656559382,1
-0.021846765540103015,1.9984695503980546e-05,-2.464580765838278,0.01107511050816766,0.031344250591498715,-0.06294399877783088,0.06433949410078207,96.79184266803915,-0.11296192522126774,-0.06780281258706303,1
0.02057979773653042,0.10626549458048033,3.2690981990359766,-0.10517768718646062,-0.016346660207188838,0.056918734956063415,-0.08964346926237969,-213.54930913345382,0.21116226477896352,0.08451943712760196,1
-0.05197697311788381,0.04366050472781665,-0.6614645466198631,-0.08199743065350332,-0.058407861249677034,-0.15807035322317442,0.08799940773513741,-206.02762893479806,-0.09549152477972797,-0.14221373062263815,1
0.008178664606738604,0.0562884337256329,0.8342456000142637,-0.05543714155495665,0.028014811079607165,0.043797026373875156,-0.10660673622213891,-93.77986667651362,0.14308317745440302,0.07979095452179419,1
-0.030588661856351087,0.24602287832234732,4.117234645001277,-0.397465131944649,-0.0981073103444508,-0.2693481966260234,-0.009856922296825199,-888.8535126323895,0.07878100458330561,-0.17046071186219275,0
-0.09979116294039421,-0.22858220768777854,-5.1286167312464315,0.1883538590635118,-0.04441652569771342,-0.2721181043040311,0.3092372377289906,468.95545278254707,-0.6694583037097191,-0.40624123732094614,0
-0.09708788058781455,-0.18410738312408328,-5.853109506318377,0.09393467952679407,-0.07446507557879332,-0.265780806758691,0.32128277912258485,363.1542243123249,-0.6564061845449529,-0.41981131035466906,0
-0.006319362930239332,-0.056892586436388365,-2.1128645512078057,0.0912318955946633,0.004700574681119856,0.036400848484041196,0.05701858905342375,147.6929374537207,-0.0877879164978472,0.04499444432721131,1
0.02749588415804351,0.0342840520588769,3.036926202983639,-0.10275613575230513,0.029415609408930378,-0.042140077814204924,-0.033357823697606,-242.0463145239148,0.13157185373214308,0.021545325434753362,1
0.0077391486348109524,-0.0614802037788318,2.426785931491839,0.10531603819370057,0.04096493844517207,0.11974195192808115,-0.03029414600410414,250.86242579570788,-0.02995117583198811,0.08479490936091445,1
-0.007547189107805182,-0.0868024256365887,-1.4851708337445735,0.015597293000492967,-0.033671798231689164,-0.030938092229815133,0.06480954659362302,105.77259909499324,-0.18766836899322953,-0.0901131041120471,1
0.10110497286617418,0.11628081179235754,4.669761152921964,0.08090125538070393,0.14391789127590382,0.4488800431498446,-0.3475699193255854,71.26052312059538,0.6597773401041183,0.5312012917742659,0
0.05355470125011108,0.2633064425872606,-1.0606141999689778,-0.3343382464518899,-0.05787130880478925,-0.1248617246648829,-0.015051229022254841,-802.4697306512649,0.27085456518163864,-0.0020795918065271424,0
0.0749943241786045,0.03166950083131819,2.4498374158618876,0.14823535981389202,0.17052543556700897,0.44890309694792935,-0.28655824500101723,272.9640127902611,0.537064719895344,0.4594456075135225,0
-0.04586526309183967,-0.24908678295413042,1.1833262778653701,0.29388541635130666,0.004032225592697151,-0.038819343014299235,0.14512993017324208,722.7435990762214,-0.45108035435737587,-0.18582946522056848,0
-0.09685889464854668,-0.16566962469563307,-5.776579635755814,0.03796261768164114,-0.1050063084322084,-0.3835703100600453,0.3301534407853055,212.34709357395897,-0.7255582938623711,-0.4949729761684455,0
0.016692952860980707,0.03589928703475617,3.1243725983535158,-0.0176608367731902,0.06661438779623835,0.10934388729557934,-0.09110589437290667,-12.772323773197702,0.18730913325378473,0.11485459168402785,1
-0.0005844659718016482,-0.04241014509507931,0.9062331385177942,-0.0156449631169068,-0.022799766399414095,-0.1100065781497238,0.09979392946896626,62.073575031632515,-0.22032170725543607,-0.13485259366325716,1
-0.10273628063115264,-0.2108907850526806,-6.618208273955324,0.1783890735827027,-0.0833765202325758,-0.23023111108982924,0.26748816169824075,441.45389390539844,-0.6680883408572377,-0.3953551591334991,0
0.024767584483945757,0.05196653309413936,1.917614195496748,-0.08548365153086468,0.012642253110617903,0.04452417568607532,-0.06666488827783666,-208.01493933342607,0.15454481157098915,0.047956350451931355,1
-0.0436163963707876,-0.2254332297228984,-6.34736970091135,0.31622346432845344,0.02387606041156414,0.06371398971395524,0.12835394289844856,796.7841009204674,-0.40800777668045635,-0.08056286617010944,0
-0.05946061624743268,-0.04158742560968749,0.19715201979562416,0.005588709214312347,-0.06854792180637431,-0.11443575075638006,0.09785178156272781,8.048411309600539,-0.20352733352239955,-0.12474695934560587,1
0.05095435656430782,-0.07843194448933904,5.105070533109577,0.34230075487828304,0.1665240972490609,0.37405850315841316,-0.1571558547521684,688.5360800328104,0.239496944163337,0.36132960411182213,0
0.056874924565725196,-0.08085901969879865,-0.9484123685590666,0.27875207751039,0.17913394336164187,0.44329974465748445,-0.28863509474597177,590.6108637720997,0.35396131328642194,0.42696911382785485,0
0.0825159708197162,0.27950789273691734,4.723974823362018,-0.19757914161799278,0.06343825546714744,0.16896107282106448,-0.2933812479133137,-518.4452365332968,0.6575795741720208,0.3287920737470024,0
-0.14437756958628817,-0.12609147761897496,-5.267384194969528,0.06226910860548917,-0.11800511421004302,-0.369819559924297,0.31731868494781634,239.0869427301647,-0.6603019276439193,-0.4762896206226229,0
-0.04462531562890636,-0.260987317779626,-1.6572175500952115,0.3218861305484237,-0.009239842221816836,-0.048964488551489466,0.13835286016833748,708.1465556790852,-0.48582799452135816,-0.16749759307346224,0
-0.015945734292292155,-0.24473491368796016,-4.858522056269095,0.3908814390748269,0.040093436690640416,0.08437071031026885,0.08684943797295426,821.9632077777469,-0.3701480220556603,-0.026094565628952904,0
0.09450158383140023,0.2684132517336054,5.902010936436469,-0.3155737957263799,-0.015228567157142428,0.004354417573707118,-0.13236266957683288,-784.6188387292419,0.5228970753390635,0.1492378790068638,0
0.0079493366749649,-0.2299828975512218,-2.538692364640555,0.38220680466263773,0.13104555988468106,0.3378705294261887,-0.0763167937252006,804.5786123093004,-0.0921845575816789,0.18727421863166882,0
0.10476413258123568,0.26750951096714354,4.433814480699922,-0.2536089912422183,0.03785151783388585,0.1508089813798598,-0.23084970291685822,-560.8332807785899,0.5768058221687966,0.2488490706664539,0
0.08259704723908415,0.06760638509128672,-0.5502180477161449,-0.06815361686237027,0.030296320548509954,0.034848714669664334,-0.06838488820327687,-149.35802619400752,0.14982050803957395,0.07636299857485285,1
0.022851839811647286,-0.04021907316420944,1.7835797791996268,0.11770509150232979,0.024265308841317765,0.11885818343481722,-0.05081687946732531,216.94340689091348,0.03296512363514632,0.08276014155658311,1
0.02460535913818795,0.05447955277169602,0.5867907412190844,-0.007846266060332936,-0.014018002847709992,0.07830463408926527,-0.03933043735180101,-78.0693931164951,0.16490327866662635,0.07888455018945119,1
0.08571090484242275,-0.020070860078088094,2.801662555576852,0.059549194551524486,0.03804377765359623,0.12967952523348808,-0.06266935142152578,93.2922254499077,0.19302019279310512,0.14858090320321693,1
0.0343615532749902,0.05254110601970176,5.129315802680348,-0.04604239277221053,-0.01330810129431778,0.07435011536312082,-0.07452445604413606,-95.49139558271088,0.14525025444239698,0.13092233309125026,1
-0.09557805882707511,-0.15492751868225715,-0.2373301019107446,-0.0009576335653443181,-0.1230675026070301,-0.345735520051907,0.28679984224444177,193.73831659667644,-0.6508342714263113,-0.41231341149988393,0
0.0015524376244750466,-0.09206944713022383,-3.3658672462514456,0.023887283872844715,-0.03039744291345284,-0.04558145974943336,0.06330388184671455,134.41818880331704,-0.2200113314301536,-0.14598866631961133,1
0.06063092253803098,0.2117582627049326,4.476785668688798,-0.1926123641381072,0.08013416611536775,0.25260315784731247,-0.27182962335853456,-434.30027487539945,0.6151772851098464,0.31397908895399557,0
-0.020264739966230894,-0.026093914246340246,1.8546353680802812,0.0825146904573146,0.02603994617591853,0.12287324351383126,-0.02454013161304151,160.20380722810737,0.0726501477535594,0.09765537984337389,1
-0.033429087090063675,-0.07002186829778535,1.612645770117446,0.0849206347527384,0.037309724786474804,0.12547827937779885,-0.043850387570710025,215.23235900059902,-0.012172793871980213,0.05750117000787255,1
-0.019279338951785414,-0.026993133672658584,-1.8831543945527724,0.15457741777034267,0.04641633934198319,0.08207473317377217,0.030315484980083095,302.00568884755785,-0.039404638074208354,0.07716774005106149,1
-0.008646710191763055,0.06554777361954078,5.5240269283156405,-0.0568800046503769,0.01394864972625021,0.047868432530324315,-0.0496853683603619,-132.81402599424558,0.14932815675317554,0.0834998060386549,1
-0.030391237867572522,-0.2778228894284745,-1.365843417523972,0.4215838168256695,0.04689468319875047,0.14980489477170678,0.017091124318471037,911.8253276421957,-0.24558997958921253,0.08383381906112894,0
-0.016432422099630896,-0.10834702475172957,-1.5823130373777368,0.01011162021675138,-0.02346770546145094,-0.07842018066627236,0.05340662944648113,93.1842378881858,-0.15943412681739244,-0.10528939855355553,1
0.007856976382245577,0.08607212424792832,0.6359570026589831,-0.09685661850649653,0.008634267512179125,0.07700309205131176,-0.07624468179499913,-138.9676320131662,0.1696898411856426,0.0869723434271791,1
-0.024949179406551485,-0.0639601879826269,-1.2478898447763813,0.1138619327196261,0.050796643823674645,0.09748720386672181,-0.012128544280610914,168.88039543142906,0.04801012413479665,0.10324271604766729,1
-0.013072157103663957,-0.0235122245901926,-0.18152916502134078,0.10463841375429896,0.05404006195661885,0.14367055881733853,-0.08367633953268643,176.5810997502359,0.0862989037636726,0.11668329078990725,1
0.03654047776893577,0.08117070492427637,1.0530475947198712,-0.11799814586463854,0.023238791211895225,0.05726118152272629,-0.08261074659954287,-168.31823150264086,0.1959809736356496,0.10238185579586875,1
0.014977082543593692,-0.030855744256152846,-0.9863244163114852,0.011831013570981442,-0.012120168036269504,-0.10035218318039112,0.09823876311665346,28.00173406797515,-0.19824444230768656,-0.13661168504886312,1
0.02257048436699588,0.08058093296506257,-0.814142922503572,-0.023515009990779694,0.05028844404174201,0.10083636664679727,-0.09152838716067845,-125.9214158904367,0.22556365566787692,0.1399865407699701,1
-0.04485167746622226,-0.07200784982849621,-2.259316964366058,0.11880091650823477,0.06744674130395249,0.100104913364701,-0.012737771764667971,233.8303260932156,-0.014796180715664601,0.08331593983865368,1
0.10593292333394813,0.200570130678816,6.835304473209865,-0.10690498052759019,0.051754174075674585,0.3010651984877011,-0.2654969227575612,-320.3140948449896,0.676725462796204,0.3686117972456116,0
-0.02548292467853434,0.057843494021354566,0.6504234770049305,-0.1135137025627517,-0.031023522383168238,-0.062445201974041555,-0.010368158409354728,-233.05505040899982,-0.026933339027631918,-0.06147058542938359,1
-0.032120868591959,0.0564128103208151,-1.116574754885213,-0.16356550814958148,-0.06963352889817379,-0.11079957704997107,0.03361383915131284,-298.4192279110253,0.049548264523031654,-0.07703180063660847,1
0.04090535920231607,-0.13845068320973952,-0.3889978352944544,0.3545368601562131,0.09440947243130318,0.3574876504682873,-0.1626248854561392,705.0527014010978,0.17167130622356075,0.36854418706923775,0
0.001300167573052283,-0.016687744780780663,-0.8895127709780473,0.05222881593300907,-0.002533145787647875,0.0997349636086364,-0.08065489152107361,107.25119309801181,0.18576044313161907,0.15864642621569158,1
0.04702067184066931,0.2585759993765499,3.018231670653295,-0.3147093847022976,0.021891619457221158,0.0031176721405857966,-0.14170192407520762,-698.2113640472478,0.4066134399957395,0.12682921704772773,0
-0.015025252855248366,0.20337942208724746,1.7956768538905086,-0.394936598585027,-0.15395000731273806,-0.2842239208754779,0.08835823369467367,-814.7083152338894,0.06762025272967744,-0.21781738874819345,0
-0.11102361239299956,-0.12847067150881958,-5.82093804186541,-0.004235173477914224,-0.09715743561332817,-0.37465776970911585,0.35678728785056923,138.5527232398048,-0.6633653401568188,-0.4911731765801627,0
-0.03238245688242173,-0.07185380809450323,-0.845564860670697,0.07965433263535933,-0.01632842092767893,-0.0008901847436638241,0.04418229873980593,214.25948207108073,-0.13196061124425754,-0.03896144637795499,1
0.016734569220572603,-0.2551874196673187,-0.1027687253895667,0.4481210138962783,0.08016056956204877,0.25912939224323234,-0.03201690534817108,956.5155177023216,-0.1414056021497069,0.14906326963732813,0
0.04337727768819372,0.019305471332097257,-0.168969789883427,-0.03469357530756763,0.04125079102202618,0.14446661833714192,-0.0827616290221724,20.957521025270765,0.22402140598826387,0.16116603373752325,1
-0.022815419495736625,-0.03627769240657772,-2.522539716292894,0.004751124400623858,-0.018866952112407003,-0.047365770933218074,0.05847880299996156,52.946863644984894,-0.164082558466757,-0.11137297213184448,1
-0.03893531148383193,-0.08175934372365813,-1.7194438454973677,0.04117051125632105,-0.015746766790452192,-0.04910090629653097,0.028923910410610272,133.0411917562043,-0.18019394365992353,-0.06938833194765374,1
0.12360343331959499,0.18654937725904344,1.629909463252224,-0.05616332566099234,0.10628488309268913,0.34809089826675105,-0.3364799400822828,-187.2743287857487,0.6599559541289481,0.43288703834911396,0
-0.03314548638039097,0.059709894949812894,-0.21473279191366496,-0.08808580809580582,-0.04031327838163048,-0.09764219675734485,0.039217215406302436,-214.97245041143685,-0.025599497391126762,-0.0702830181925379,1
0.017267529642419434,0.009692810092559992,1.193763971162799,0.03884649374515301,0.054923941417373674,0.15635015470037758,-0.059274659659273046,31.582749767718582,0.16832770880553202,0.15589672471721344,1
-0.0026227081256306474,-0.20132865752473977,-1.524925873667493,0.35266102796868337,0.0784710713496336,0.1955900792709226,0.020861598463207783,829.6363466463084,-0.20835134488337187,0.09122347973109116,0
0.018100668362349866,-0.06541470874264169,0.23867336152440977,0.09096395944920427,0.07165627202596143,0.16355124587475994,-0.10544050577237424,205.3499863199608,0.09299796011255135,0.11890771731134817,1
-0.03132517829220554,-0.07180471673830521,1.3339484744179797,0.05007728366106855,-0.0073764724895150745,-0.049235180295719126,0.0738865407772147,160.58892075106084,-0.2030088552571076,-0.09895940471560738,1
0.07283874049490686,0.050594616180267664,1.7173057625835426,0.18539185200043226,0.0999197097822071,0.4395700377956488,-0.3420873945355137,314.81069592011613,0.56824875040999,0.5082688785840624,0
-0.018568822846788884,-0.034335186270460956,-3.403849977282652,0.023863678370993326,-0.0027293445885263044,-0.08878144772055784,0.10147704266772446,61.219145846624215,-0.18061673225449051,-0.08322688231034571,1
0.09220463376818135,0.23435952038000565,10.111462684130043,-0.2086862403175504,0.062132171764069245,0.18200944280423723,-0.25880557770667295,-582.5437786331929,0.613392932971778,0.2991108429181142,0
0.037988232067855565,0.09729869535685644,-0.3444447293315177,-0.024448616555339125,0.007174644145882838,0.08147705938634806,-0.07141989546409282,-111.76051817261973,0.25573802250700844,0.18583041814866044,1
-0.003148578571990932,-0.057259756167015896,-0.14494152261118098,0.12354897878027218,0.022394707493962798,0.06707004110444101,0.03395573009017744,335.5882685798059,-0.10163958292888603,0.001076567300627565,1
0.08105490592320626,0.1369992862118681,3.3869279481270858,0.055770763016330584,0.11509936818491706,0.42141431567300924,-0.39324284793182895,-18.12470175391168,0.6933587709859329,0.5471450819206457,0
0.022090075482884115,-0.1432855922656589,1.3631123494416393,0.37105267723883634,0.15697454995285076,0.39225880623864984,-0.19257866319042904,749.6748604592841,0.14540575005489048,0.3310863984948241,0
0.015709452029406754,0.008664406573909681,0.07066883778941248,0.1187025895109608,0.018303892077575445,0.11529493603610347,-0.05876406713447663,181.6566162440087,0.0496326540993292,0.11686151382121644,1
-0.03424919832830533,-0.04615884580804216,-2.996412110746204,0.02753669676329869,-0.050032848190349866,-0.1041515698739708,0.11421920700896743,80.95262151059076,-0.2090443008091856,-0.10424929250380857,1
0.019311306633428563,-0.0565331091017665,-2.6039288246833525,-0.014611793192666835,0.013514307276971423,-0.118271065188365,0.07146258151684198,85.96697233099881,-0.20663259484917773,-0.14421663813993177,1
0.034161905814311,-0.08045752579727772,-1.3584606647158497,0.31471714457054534,0.1402830698513305,0.3846258031867793,-0.22745946573319387,556.7533426794827,0.25505777625405945,0.3433866764894451,0
0.09766602522356753,0.1934447057093833,4.227117258896205,-0.09007165553194618,0.09157618129675739,0.30549952457034646,-0.3434787378510319,-296.40482584495055,0.7095044483893354,0.4595832921867906,0
0.09247271739953358,0.20641056549056636,3.659698655557454,-0.09664185382389455,0.07249315535458677,0.2707215588656447,-0.30624176450649315,-310.71433392227726,0.622275445636572,0.3703428798075197,0
-0.03519588791280073,-0.22583305240680845,-0.5072238650571183,0.3864897756676056,0.05176125749923999,0.1650185638347109,0.01987525455169403,864.6752217536088,-0.2119397551032018,0.07799243193659969,0
-0.011770092523735677,0.1156663013047518,0.34178917033767214,-0.10578263310870759,-0.010434632387974997,-0.04620299088503377,-0.052068164510925614,-285.76417519876566,0.14690026931288305,0.020046753641335124,1
0.023164118743395346,-0.029519459779078137,1.7587669126707994,0.09898292676555501,0.027135693560236353,0.1919823547973379,-0.10976656368266027,198.2892301143617,0.11411230005448209,0.1748624215823337,1
0.04286244472802297,0.24359692889120674,4.959722832161459,-0.406864405646348,-0.08018113841397978,-0.18886914025538018,-0.05605694746089041,-894.6871815761482,0.2722387263093099,-0.021419246889866822,0
0.0929717486012175,0.08756293326800328,1.9249749310082813,0.01767826705149205,0.12989898600572466,0.3856230818723295,-0.3379023389330478,49.95028517112821,0.6132979528309088,0.4943056193302736,0
-0.03769302477819207,0.061190361981365564,2.3562667234111676,-0.07123859678692018,-0.02250069272530515,-0.04953919013778608,0.00046864150443354593,-151.1365340582536,0.016791807438131506,-0.030094748565580854,1
-0.04184239654640749,-0.06894028230033206,-2.737125036919375,0.04272060426259258,-0.03456814992221153,-0.05521446470522596,0.10211760336391187,130.28482438082042,-0.1756916615172683,-0.13411584984399286,1
-0.0033799165380034675,0.0759371614265847,0.8630124743826828,-0.09522421096072396,-0.023665023576054052,-0.03870441851194113,0.009879024063533384,-232.19305389131827,0.06270560911901185,-0.0241807488457991,1
-0.00011839291457912588,0.08924652948197813,2.7114997687170557,-0.13406367149442525,0.02168563344536801,0.019532580183110805,-0.0237825015384343,-285.9725241405739,0.13762913180007127,0.0819932396101942,1
0.059482224542037616,0.08060054372426731,4.122715780997426,-0.07176400263126252,0.04942094496637616,0.06134546935460412,-0.1347626810724177,-109.80698378194877,0.18312450680702,0.07618962683073863,1
-0.020871281759628373,-0.03990275816412943,-3.424376707174642,0.0031559742970591427,0.026488741092625633,-0.14268345314217182,0.10635224097815854,36.41891712356478,-0.192955050104445,-0.15703860332308822,1
0.04812112641970242,0.02804411282310189,-0.49636315510878315,0.0258755457071234,0.03129936580863485,0.11894293089997525,-0.13395974200493818,-15.607353302822688,0.2179613949932006,0.17027546175013206,1
0.011259435945669204,-0.002000990764000917,-0.8022798582843099,0.055803973692388216,0.04909356384547605,0.15279741315204,-0.11972944595572235,186.15296973780772,0.15108228445600488,0.14431349004282618,1
-0.00801169795026293,-0.06513071455708658,-1.531910214379581,0.04474862506216368,-0.015247901912786108,-0.07905719871523316,0.057608204387717056,112.69628470211306,-0.1332401327753203,-0.13451310268447297,1
0.04008745171200416,0.037081628448526124,2.8229206355843828,-0.003785407826634427,0.04895306111556747,0.10965039585036704,-0.07918098920570713,22.284936412729223,0.11116660219262492,0.13343411305688752,1
-0.01800999687539195,0.02228369259085157,-2.817893836925285,-0.06018304105308743,-0.03931024882920926,-0.14655576658601022,0.07231615852662447,-163.6347909543302,-0.1251410877331086,-0.12760547754475307,1
0.015057675682476712,0.04848244127636347,1.872439588174029,-0.07446351865822258,-0.015213494303179836,-0.025249999845071227,0.029340584190646675,-176.49795517298986,0.055536160355210556,-0.0021292027071048852,1
-0.0238591951287403,-0.05939849499430331,1.298084215146726,-0.050662608428463624,-0.04891542799196052,-0.125703002010469,0.12373223706653688,-19.298918001192163,-0.1996040750595814,-0.1372858857747874,1
0.034668290302122595,0.017048869551794698,1.6696985682307295,0.050371361848041564,0.09231229618647409,0.10760339641885089,-0.0854606664481215,154.28183409851118,0.11107875675455411,0.12668394574157815,1
-0.057768959271619576,-0.0440263671137475,-2.693232659051651,-0.12556934126754454,-0.1597226105121937,-0.3922312298424514,0.30802055478376494,-197.4659842097808,-0.5576956093128936,-0.4377892714466495,0
0.024874533744943254,-0.1944942988783313,1.7413915018203763,0.37133389329505495,0.10401423611801888,0.24021880367614348,-0.07969952836336065,827.2573525978314,-0.10791016361951487,0.17472794685575418,0
0.023257181202779004,-0.06372981667867719,3.349811322528741,0.11437503293356648,0.011562733154793689,0.012109556605387387,0.036615240116340965,292.5276347025779,-0.12063535744771121,-0.0013587899765011152,1
-0.07847516064556383,-0.2547576488855588,-0.9273948487186462,0.20281170026065115,-0.057234269523669244,-0.19664847890258697,0.24972130426546554,561.7434920139651,-0.6483959497280753,-0.3192914680311954,0
0.015351593996839922,0.04008308082799264,1.7890598741807477,-0.12655978137115093,-0.0242402129021092,-0.08968110175735101,0.01376130772374267,-226.26159499316088,-0.013543621312214925,-0.07353841141855048,1
-0.05313369255095107,0.12584708771151928,-2.2721098774473614,-0.29617068075864755,-0.13989336379705444,-0.40413844221060247,0.18317416358488503,-610.8339745389073,-0.33903042229410296,-0.39449046173023805,0
0.010714528838571815,0.060623031607932476,-4.6039911263476885,-0.06993472343696372,-0.015170535949482844,-0.1290042187785275,0.06705223145429454,-235.14939720821616,-0.08693479369183406,-0.12884668302212796,1
-0.06178756541826296,-0.23200845273755782,-4.376675663475282,0.2125009300461615,-0.024904977522687798,-0.14026337583232143,0.186393756625925,528.8710486813815,-0.4883572764687244,-0.2606302875204791,0
-0.039315221628637195,-0.07858339399771044,-1.5041626744204084,0.03728520383361369,0.019800229827769314,-0.04206930278483508,0.06901427558521848,186.0019745600472,-0.1845430872524872,-0.11234727442541395,1
0.006736385517928273,0.05697631746859199,-0.5046097210811797,-0.0215478644144212,0.02002332447238219,0.10785985803011158,-0.07503148322333424,-136.58537521800432,0.2508174760025015,0.17312307728970205,1
0.05494979525371938,0.05529126225311048,0.22489850806716696,0.001581114612004025,0.014528016374705953,0.08530955745005517,-0.1276403726107678,-12.273264297507339,0.20229597341842329,0.10316576948779584,1
0.030348598561444336,0.034164137226071194,0.5567778099220498,0.020736789756657926,0.04720391751646041,0.10273431659757613,-0.1126425334812794,21.800266635946304,0.17679681487441462,0.1470821322297411,1
0.02741194738501662,0.0949838529936822,-2.2002351015399246,-0.08540615196418197,-0.0053437430467233,0.006335088318279486,-0.08749004626556921,-230.16187633421762,0.19161463239938592,0.07898654753657613,1
0.010341153134445958,-0.06616661830570753,3.5409944031228644,0.10090655539027808,0.01419201176676758,0.0871266503845747,-0.03533778498886107,302.2684132575707,-0.0457667853951546,0.012028759376369998,1
-0.08687188245145461,-0.10650431416849711,-4.40632923896196,-0.0612991916293704,-0.13762881247907802,-0.42775599507422635,0.30790490201233206,-96.69532908260302,-0.649452534230891,-0.5094247889151595,0
-0.0194604681388695,-0.010038208348561072,-2.8445107641844594,-0.05423298435083806,-0.062254610972975466,-0.12101214126297298,0.07644604474277791,-168.10965162193725,-0.12965278204205716,-0.14026071994992215,1
-0.01368476589903204,-0.23668462348238678,-0.34229120688672304,0.38255472867273804,0.12037928682685087,0.22977697500688907,-0.03337177797907131,830.6758012305339,-0.10611670231639195,0.18926004544556388,0
-0.001187998970463107,-0.08799080814366687,-1.289138792066046,0.09435155294612979,0.03416094519708781,0.10097178215792593,-0.07699816848678544,239.7392582711692,0.03060383580416174,0.06337775901477696,1
0.009580250224066719,-0.015571960749164787,-2.4110715975701966,-0.03349289231182128,-0.04072862902360007,-0.10904421639476264,0.11796546378031088,-39.23678262042377,-0.1946740914231931,-0.17531494793504762,1
-0.03773710816677617,-0.06192332157496,-2.5277861051078725,0.07450802499224908,-0.0025085019363881855,-0.03428953277502148,0.10693241824264786,189.96151182231208,-0.1580328620358133,-0.09817712087259486,1
0.005165352981486057,0.291567718976572,5.58474516236057,-0.3364844987050207,-0.05701546851106943,-0.1010557825896826,-0.12206127871264556,-850.7229375853271,0.3654690129786951,0.0284315078702837,0
-0.019467357353166768,0.013300137984259858,0.6015101136336534,-0.1021703936308312,-0.07798778083394534,-0.1653001072223462,0.1025633535906358,-106.55456104530906,-0.1826146288589469,-0.16660746509729513,1
0.040655698488900154,0.057636669158412576,0.7886444706589384,-0.03062086120948297,0.02356179025594062,0.058428579743741466,-0.0559215986898377,-147.18272132252358,0.21516855452603248,0.15092982814247063,1
-0.05551709217356804,-0.26774646158737636,2.6361501647138836,0.3629696864351861,0.06706609647324735,0.09640524029594022,0.09480812952457447,756.2236417949326,-0.2968880392656525,-0.02717911509879159,0
0.10490351733029575,0.2591701597616778,4.730626742427318,-0.10890725619209587,0.05633253390411677,0.2790352654949171,-0.314136616491751,-385.4514365429186,0.6998896878730103,0.4347260239158605,0
0.019885562210354146,-0.009859356476441873,1.6072241699074594,0.0736203473098411,0.03191194752983695,0.1270934700738079,-0.08207167506156228,159.6467373654701,0.06926561959627572,0.09809771781213697,1
0.12243084168343425,0.19085754766900526,6.627883031133446,-0.15429699949955933,0.09828237763687629,0.2503433073484206,-0.2750376051026681,-466.9684603779894,0.6991177899583816,0.3895125774319129,0
-0.01280045905440456,-0.05248676034453128,0.5306442363183478,0.13079955098734788,0.014580970242435438,0.11528932893268956,-0.05612526991259974,211.22249268109996,0.07485808491591264,0.09720716438566594,1
0.050744285175119225,0.014247428227939715,2.3479075859926266,-0.007591652905721766,0.08903434201771374,0.13097737961580813,-0.0883855070152417,62.61378182946413,0.1774107689450269,0.15444095836727073,1
0.004654428666765281,-0.23457803894501436,-2.172271571768878,0.39858664526562204,0.08980613809850244,0.1858457254853123,0.003917159715232527,834.2206552591496,-0.23778835260957004,0.0775273634346845,0
-0.018552513825073516,0.20457520495957066,0.5796783154202568,-0.375630915564386,-0.10205836874733105,-0.2797342314122327,0.08581958817001857,-740.7210553992785,0.02538343707301367,-0.2030774198434632,0
0.02152510612933515,-0.03586573192983491,-0.03242886435461388,0.09449579889801209,0.04177942443843795,0.1008295128797533,-0.03375193210344158,221.1323247492619,0.05186203004050495,0.08586784544744797,1
0.011443353129320743,-0.0681233980817553,-2.328627137802029,0.033328713870097414,-0.026786006571526598,-0.08101801321046738,0.11449168289225616,123.61337536072786,-0.23100362093093116,-0.12008537040752446,1
0.029987846692905572,0.104550725821282,2.2129724854139927,-0.11029658010758449,0.030495239056988543,0.00474073005285214,-0.08367505585680132,-250.3643842693074,0.2012507117155281,0.010078604310990544,1
-0.028866416939204265,-0.03242414545165835,-3.2447475821069465,-0.015476620018548133,-0.042503019612719156,-0.08879305090754916,0.04378023737524182,-12.560127415904873,-0.17379575275819392,-0.09762207158447786,1
-0.03284948486810902,-0.0618560987682239,-0.28997814362997354,0.0951912233972357,0.05480133682525628,0.08119018399363784,-0.05638317413637976,159.0566503820103,-0.008037422233539645,0.06669929264935275,1
0.0026561254017789995,-0.009372679694335704,-1.1804083877766274,-0.0603525134278858,-0.03893872837447933,-0.10225004807690576,0.07774841288503644,-145.73155249099648,-0.06051154334141468,-0.14767460435127602,1
7.419692634711348e-05,-0.12109551072105873,-0.26304171475028476,0.10720990729394758,0.011675183699769073,0.07667005073931547,0.005981264288896796,327.02397948613753,-0.04728440342900723,0.04337941091747221,1
-0.014310464251162586,-0.051464080920223754,-1.2708251880345895,0.07268586154098086,-0.01982147876211183,-0.0028533128384099805,0.1047822448193307,227.7538158586524,-0.10448655699910517,-0.08066839105415391,1
-0.08414388347721487,-0.12352724962307897,-3.8678406346100527,-0.03187681015253925,-0.1205644739064936,-0.42114637917843006,0.3630533184735438,35.04268522899142,-0.7418881329737571,-0.5032222822323051,0
0.022539628190451043,-0.07932781702477847,0.047290908060745665,0.08159547335752494,0.04755953838561156,0.11579748981839903,-0.051953230509344396,123.31528688780499,0.021103669303923392,0.06255765130415611,1
-0.04334351178776651,-0.08879335036402276,0.1131606803973567,0.14732409554043122,0.02741964588424223,0.060555435885699435,0.05213048219750032,279.9267460640303,-0.10111208089997564,0.05682442625543046,1
-0.056209633338957454,0.026969468439906916,1.791461452971102,-0.04808169177341289,-0.07342598097571075,-0.12582189704674435,0.10656431882405475,-126.46047236225289,-0.14487174515229864,-0.16569685057435452,1
0.0710831268188727,0.24989722966009587,2.233971861888815,-0.2455066582444897,0.05193823154573275,0.18104609671909172,-0.26479962467669016,-581.1707878824036,0.6570033910061839,0.3073043167472842,0
0.016532007147320935,0.08386884745956363,-0.36258485114894196,-0.10683547972001606,-0.023103668674359663,-0.012848168478710474,0.002800145213916106,-270.48138741496604,0.12770210337879495,-0.003647058877517907,1
-0.07247325695532249,0.08276220281183745,-5.4657637379435995,-0.27125309414261467,-0.1400117671868895,-0.4588425406788572,0.21393526562259194,-572.4757362210472,-0.3395437043169676,-0.4015142249072696,0
-0.03457285014738746,0.13519545896664958,2.4002146368285624,-0.29092197659196334,-0.1344186374751231,-0.4040996554376004,0.17179341811755988,-647.5947711237966,-0.260861381268912,-0.3382399887863715,0
0.021446565311591198,-0.017021056025774268,2.11180012784115,0.10049208096413345,0.0017507673884255446,0.15185537415870248,-0.06008747279954179,230.40212104296504,0.057217040633751444,0.080857621470921,1
0.0736863834557883,0.017444998668550246,-2.7571267977491347,0.0484047468484623,0.023176457269121296,0.09875946874194784,-0.11800717346616894,47.197041502385964,0.15205697228396511,0.13950154649937566,1
-0.05242306932395996,-0.2318919001391201,-1.9198955721519078,0.3311566252473867,0.04899375434369623,0.05286350603445538,0.10607153845074926,726.3840661593098,-0.404299083753958,-0.08852333242928595,0
-0.07586797842359638,-0.20790052290510158,-4.354909532264111,0.08356859320559076,-0.10320881751171801,-0.29840726014983077,0.30285477165579267,375.9158531857675,-0.7166788436916187,-0.44957215522618327,0
-0.029422332947875482,0.11712264637668153,-6.9091986479723015,-0.38237784923379986,-0.1659117000130533,-0.4357989293773188,0.19585824783392092,-700.028964472088,-0.25222747834242526,-0.3949654386173335,0
-0.0254314554986331,0.04920144241651176,1.7312221575165112,0.008980413876315261,0.014162663442512153,0.13598676154155584,-0.12193213218421098,-55.26782983339181,0.18189561217025396,0.10554810046042834,1
-0.024400750974960212,-0.2536523656285957,-2.5643029731162374,0.41457282043534294,0.09381363743668687,0.1877604478186326,0.024644593866876025,823.5076722494198,-0.2170871855172824,0.1209616441415493,0
-0.0028851325669466753,0.20328821351186596,2.3711050751139315,-0.4076825810638447,-0.1068488490758676,-0.20581315183660562,0.029089049953962692,-819.6613421239387,0.1591668877275207,-0.12769012419397519,0
0.06035841891296345,-0.001965436650829532,2.3050963629356507,0.07184245402207295,0.06870742786315974,0.16551515796666186,-0.10606741399434334,155.41110870178088,0.12639230261250567,0.13799355022877832,1
0.08646852033751475,0.18665959828420853,6.748555668950572,-0.05433242452539826,0.07665304858205928,0.349506935925313,-0.36988074107572405,-250.9876025136345,0.7237081499080534,0.45246560998269986,0
0.04891438905963518,-0.05329968589927468,3.8338285265544467,0.33290331893799535,0.1554835186411313,0.413640635633484,-0.2192774336980777,652.4358434664566,0.34626783889015933,0.479649854889177,0
0.0961995023166805,0.25044624747636635,1.7495340150645058,-0.2789908815831712,0.01512286067221797,0.12321620815628659,-0.21775431943326654,-663.4505269055807,0.5450221010744105,0.22268700028508562,0
-0.022711295174768668,-0.08246983434526023,2.6125080052979412,0.10783722156395266,-0.03649092481215324,-0.0523443898228669,0.05613108849553805,224.32593068546615,-0.19914938387327039,-0.11159525220403856,1
0.11707065130803436,0.15914242018616573,3.1125782112303395,-0.11172159897728827,0.0900161768045583,0.30827092673863443,-0.27699981752940134,-384.19382914214043,0.7291175277591754,0.4440935943946536,0
-0.029616456144512623,-0.002912315081351982,0.7607473535105697,-0.049546292128935084,-0.056510159465301454,-0.11797590649606544,0.14550606262381924,-57.690602800820336,-0.20975687644385943,-0.18269922192505889,1
-0.010886633952597305,0.2080171231600754,0.06681155015906684,-0.37183592084673317,-0.09833729388066874,-0.2678563108882076,0.0547242520511101,-816.6818044162194,0.029444647624203155,-0.16769005180462537,0
-0.10066953381493843,-0.1996365656381859,-6.211355946177425,0.1168822712603281,-0.08199207461157051,-0.25529639452923353,0.28515817066709587,264.00667768320733,-0.6185264719772597,-0.3865607453329351,0
-0.05055459639772106,-0.005885474312878924,0.7377579596673479,-0.19537352078045747,-0.15116103026921213,-0.4888389419018193,0.26961694323808466,-381.514675378419,-0.49317024392746,-0.46406489613742996,0
0.05661312941944702,0.21001064646504244,-0.4874738506703485,-0.4023316231198167,-0.0708530258077261,-0.17398378355027774,-0.006955536531418241,-938.3387811363516,0.20169526247071642,-0.0658327334441681,0
-0.03300988526342649,-0.05535191566118281,-2.5897097604870867,0.046307540727394694,-0.016782760207455564,-0.07412761179761303,0.08237626084092976,111.67990722875311,-0.16087882278278878,-0.11861591081743339,1
-0.09043484592802,-0.20915963726982498,-6.941990657411351,0.06429169013340867,-0.0661843276499308,-0.3502785452375127,0.2984751246166374,237.36098759338054,-0.6979500836637806,-0.4383642234028699,0
0.01920263225659785,0.02615305244628429,-0.6529077610045987,-0.07678767308349731,-0.024616685801939108,-0.03707970456993141,0.04604760240085833,-178.33605248765627,0.06834502030559506,-0.0476706875255975,1
-0.015741235668402704,0.05143902453492047,1.3985095690592177,-0.11403968849217418,-0.04914552815463394,-0.16240448190652926,0.04960969348181311,-254.08106344943278,-0.1098109037725857,-0.08941648940622118,1
0.010841538513954314,0.01517976454079106,1.9963472930004156,0.02555265093022206,0.057041392073050416,0.14690746700689342,-0.1328580566328254,31.759446756018438,0.22326159360870496,0.15544997374902148,1
-0.0073147840443937556,0.044827286776226216,-3.95368409665314,-0.05428136217999622,-0.021937906576845863,0.01263295002843905,-0.03158140188955009,-168.34252863641316,0.07376959062960149,0.04067423966975792,1
-0.10078104501405918,-0.008845063767992038,-4.810182030245277,-0.23618262523422875,-0.14739576254158138,-0.509160809818952,0.3122541785903964,-413.6992483599976,-0.5071477358180534,-0.5284211520127228,0
0.016232026342475003,0.02652235245774915,-1.4871653259596076,0.018022343407091537,0.024699016275250157,0.12855611923301283,-0.11057743417792798,109.79116492342284,0.14330434001000442,0.12718329168559483,1
-0.03174823119709808,0.1656946029607029,-0.12025329410610608,-0.3684742460468188,-0.1397301834444897,-0.38471739622875883,0.18892236017254516,-781.2761704314875,-0.1283365908527585,-0.3695582397923598,0
-0.09151975527192582,-0.18707028845180826,-3.2277525176951967,0.2165626338975965,-0.0737565760484318,-0.20956842227840988,0.29761868409328607,576.1474305321575,-0.6389407221859271,-0.3414377848992569,0
-0.05914893781219281,0.07064712164975676,-4.273646490122543,-0.30350684691919877,-0.1507304774817631,-0.40975757861028184,0.2360609171000663,-560.0681940726462,-0.3477966080744044,-0.44584356293862515,0
0.037376075291025344,0.2295759593122964,-1.7782093125237122,-0.38696289549375273,-0.0761323317537079,-0.23122671594916833,0.04426388343503899,-776.4144708809371,0.0963838854926887,-0.12951911114439368,0
0.09115127849562414,0.1954729172117641,1.1219547766570024,-0.11520358672360693,0.07252399477851226,0.26460825147021805,-0.29866216695665737,-292.0648687681187,0.6673004062764935,0.4058706149952963,0
-0.06911915854598821,-0.2409808246126693,-4.643606878149943,0.2672409878443931,0.01901543459229184,-0.007892828081976534,0.14374486589446647,716.7395624718852,-0.5172110537230131,-0.1678563925184628,0
0.02918269786922753,-0.0907024118193713,-1.5305722260059822,0.1516778682078156,0.06683931376437982,0.10262093705503043,-0.04683365168367983,325.2503434748327,0.044975763727651365,0.14959421327961755,1
-0.030459080598666182,-0.23568992566806468,1.4037116829894014,0.33375587633044274,0.08939565703506812,0.1643252244659998,0.04440851106398905,816.9089279751049,-0.26387404935413244,0.0072325997992560564,0
0.010843686720715229,-0.03798762439978432,2.144055265321239,0.11983649041930998,0.0808415466538991,0.10066120920906922,-0.014733775456896631,215.47090022969476,0.05428458348852484,0.12405988400983474,1
-0.09678137980811764,0.03816763949238741,-3.48723915297972,-0.24490531340918867,-0.13286001160021926,-0.4260733056855411,0.27718219316145365,-498.33200138664967,-0.42622869558249643,-0.4994498518060574,0
0.030624890303794245,0.08217985008911531,5.643021819159707,0.004402328106375946,0.029856246670922248,0.1129146533661659,-0.09860456579342702,-142.3256114515922,0.2392901356695514,0.13244003551022235,1
0.06309057750431395,0.07273032458891433,0.14257741710779548,0.11640959065422737,0.11557409610579986,0.41822015502056986,-0.32956930170329923,175.65525557290044,0.5737555790182253,0.44937828795756346,0
-0.004008660610515383,-0.03135391018716305,0.0748297628514488,0.05890917934300029,0.009255419662407807,0.07291636291683197,-0.053606943428585005,176.89707012623538,-0.027902967705781746,0.0419028406763348,1
-0.014553796762871087,-0.09544970911784159,-0.276553160429677,0.11480001967518114,0.0220640770352371,0.03086414660005916,0.0017945377738510355,267.9326750610846,-0.07266538685379867,6.012816835337248e-05,1
0.001905435870031647,-0.0515660149660478,3.0923315691496187,0.13651230314291524,0.026680273083998552,0.03178368529474264,0.0779041858012899,250.97368117005664,-0.12131672347218105,0.011890605852838888,1
0.06046748652494465,-0.11059791585332843,0.2470919855813171,0.2859765088070697,0.13934258427556565,0.4875425042953245,-0.279988947552418,587.7507938016472,0.38649895384780736,0.42218326042339277,0
0.02105502983278182,-0.0936708477171408,-0.24320424627437484,0.10341638972627144,0.02001439161467098,0.061674733927506054,-0.013070399918136319,279.7092794717203,-0.07752257699494929,-0.01904859090906158,1
0.003453921882776123,-0.21693940769006065,-1.228659816565276,0.37001250554597515,0.10361584564998823,0.3230483872063915,-0.061591767058823826,784.7182835444814,-0.020641436082017177,0.2159373775916992,0
-0.02790735057341204,-0.10141738109098836,-1.6734182879556243,0.14281951398640286,0.03434883761517891,0.06534949357391498,0.015325441650388861,270.96189940395703,-0.09113983978995027,0.020683043781240175,1
0.015676320765405923,0.25424805897018565,0.41603550885833307,-0.38296668030738346,-0.04989506361742763,-0.13056775100182746,-0.03044756654811522,-852.3207293487873,0.24281987321941834,-0.06223475159592878,0
0.015594866722999331,0.2762590463597011,7.898433892426883,-0.37088077006240233,-0.017140505746641426,-0.07359754151426803,-0.1241061630869601,-817.1023381572315,0.3635231337808145,0.07288523968352467,0
0.0011184233585299795,0.04586244142953867,-0.6690989244222554,-0.13182623714018918,0.00918204899426192,-0.04768004535198333,0.0219586059922148,-213.30245962485108,0.04498256908040109,-0.012619255083600431,1
0.019751359057979784,0.005709501909365723,2.1587481475105985,0.04985555782269724,0.009299137971747555,0.15513645067770138,-0.08764731857228562,35.80859764304643,0.2131538783158106,0.16699840003841931,1
0.04007624282824412,0.043683391914280695,2.6528792226432065,-0.05058749368287504,-0.004335846645989579,0.10697956021499162,-0.07533042758194944,-76.40776907708083,0.25400445013957246,0.15944822179797716,1
0.018508164588996113,-0.19700983371408132,3.9693528925651242,0.35046018343438384,0.0970187683626407,0.39791544347743807,-0.2331425488781238,751.6176602315601,0.16860808046066256,0.31883323966386756,0
-0.0478141959720999,-0.2653332777606637,-4.192875372709336,0.3925312823247158,0.0020623151062573483,0.0379185696103876,0.10108058843129199,830.4713061107152,-0.4245095175355646,-0.0828527199985172,0
-0.0780483110478457,-0.2013138307406888,-2.3876757377760716,0.19373931674229472,-0.022695809868259517,-0.21014539231989685,0.2497073694155259,493.4045094060183,-0.5857731991124988,-0.30729997249208035,0
-0.025934380044605403,0.011762320785677755,-1.0953652671863443,-0.06751987269984865,-0.03588415915872153,-0.11177886463121149,0.05824189002118621,-128.25260900966097,-0.13355222333042044,-0.1468153239708895,1
0.02538343097157546,-0.08117985568600734,-3.4443683996971273,0.11083724184308182,-0.013965204208156922,0.05462402255876482,-0.024333196259878797,217.49088667912196,-0.06674492182921858,0.05135008619186378,1
0.05208821257664852,0.22650958855565675,3.731090071596667,-0.21370174845499124,0.05527694062179329,0.14179152527915417,-0.28665835495174086,-523.1195967491833,0.5968630581690777,0.3358535390499952,0
-0.011459646464742542,-0.0662471400649218,-0.9406260142137863,0.12463347445075007,-0.01062162355800315,0.021730664921079557,0.026107103574320643,310.56496535217235,-0.12495193010283695,-0.02927281808667625,1
0.0026495497602654966,0.25132352006570685,0.8983821623026564,-0.41064241974267435,-0.11066926381622916,-0.1931826312073794,0.015694357759741512,-906.653414058813,0.23353237970296675,-0.10033867484139283,0
0.014708955927161909,-0.02341147126145093,-0.11386032561138767,0.014367730737069682,0.02738606280437166,0.14234428923785572,-0.10797587153538109,117.83233407458206,0.18590985630437937,0.17665229605974006,1
0.00932756454533795,-0.031569248691948645,4.355554239244934,0.12835983305463106,0.07743088644370587,0.17740317581722412,-0.1012484154429983,196.92113182218384,0.09357341622648521,0.12330468552283519,1
-0.08731552149311694,-0.11193662694074477,-2.684285534631976,0.0007515843870832686,-0.12846826563840733,-0.3902407210162719,0.3227022255642967,85.15148703767373,-0.6853830022100934,-0.4581817743387455,0
-0.030124225077859033,0.08614354911099945,-1.7682096531773206,-0.0901418459993053,-0.06866429764925237,-0.1323415991089009,0.107182450548423,-174.44406726013932,-0.148346791180799,-0.13259025974697525,1
0.09199023969331734,0.22482156446682808,3.929006615954739,-0.08079844256918008,0.10646930684176364,0.26447367711587466,-0.25436566573892194,-344.8077222369707,0.5935266861011471,0.3880364044363158,0
-0.017466838200845648,0.1801442222997965,-1.0629060006832094,-0.3581789435014006,-0.08591392679458765,-0.26413334502866676,0.06231790525296862,-789.9701836537623,0.03689210413594914,-0.17505559708528862,0
0.0415732723925059,0.07401608483591827,-5.03597422558437,-0.10701468261682262,-0.012302236414115507,-0.0011789329285626748,-0.06336329986816232,-176.31519416474728,0.17634571124965337,0.09775108016915718,1
0.005847282713778794,0.08003220361241484,-0.7072529566367664,-0.07361023695357939,-0.005695630315425315,-0.03010376896644281,0.014340070786852437,-189.92705667041227,0.028785983935817116,0.011087194506901744,1
0.0148432823893835,0.026548467053337608,-0.6551464399873316,-0.055029298137537375,-0.053716753559251894,-0.12221756657711268,0.07409819857734701,-192.64191490381594,-0.0978669495071909,-0.13791731060594867,1
-0.09800506217359588,-0.0566877758678265,-3.4251450096182854,-0.16196411091170446,-0.18136130935484682,-0.4941849845233965,0.317521453105399,-210.57636822200698,-0.5732169718106357,-0.5012387886757741,0
-0.028369038579149936,-0.28793697768916043,-5.623826293902514,0.3355711333039168,0.05115049205291191,0.07467588908478057,0.10472386439609975,813.7135608344913,-0.3716219669319206,-0.03383054352603443,0
-0.051378346345089324,0.10439349738290665,0.3555795143208308,-0.3466997235252026,-0.18472818484458683,-0.39700661646115554,0.19043607127015896,-649.5604666913165,-0.2781907892400025,-0.35902972735631833,0
0.0026145079704813995,-0.03108295221822975,-1.338294283622109,0.06920779621592836,0.044204945728611174,0.06026327189460172,-0.028223951526333304,172.40604193679616,0.033494462692169207,0.05606561907026085,1
-0.010994076409179416,0.03563497891061037,-1.3696436080412626,-0.1320049580911141,-0.0331781940809011,-0.14234962717701666,0.059931409304068935,-278.3051088411544,-0.0649271912529061,-0.10103490528493458,1
0.08827805365358736,0.2022541220343652,1.6208700685099153,-0.25777142179754337,-0.010087888899148814,0.10119301617039166,-0.21874362701695163,-611.0239921527012,0.5032800185142734,0.20613819266945455,0
0.06469248811288271,0.2573776539757342,3.5195131910682216,-0.3494166037465496,-0.04242095281861579,-0.0722925157543898,-0.10822910428818153,-858.8019959319196,0.4368320257148611,0.08299373331522966,0
0.11968433991659114,0.1212943292417641,4.361540099245601,-0.051855937985070336,0.13531942099052044,0.3733103329405516,-0.2895890581019657,-132.98734926455123,0.6654186268078531,0.49541299311941595,0
-0.10308088504335171,-0.05619657879045269,-4.553889203574042,-0.10905590954534294,-0.17295455392666909,-0.4711142056669785,0.343534501687378,-175.8953760653434,-0.6448302666561477,-0.5480879213143416,0
0.11540044129384573,0.04623181902117518,6.100708646666411,0.0971948358109482,0.14145065505711374,0.4425787115677688,-0.31088930273680254,201.65183121192882,0.550488049000656,0.46183694429295785,0
0.02263492333572109,0.09327579543469988,2.6333245952401674,-0.025445545202422495,0.003323925173551118,0.07334489906283115,-0.09487516668246405,-140.86517428022992,0.20926870878095366,0.10577155226354006,1
-0.04695904034622036,-0.017051802502142516,1.2377618282470408,-0.04968334012386952,-0.00027266270637365386,-0.12326852144752447,0.10539461707003439,-129.56902736338986,-0.06080101735258442,-0.10091192893377483,1
0.08420241499392382,0.11035057609054649,4.80182049370685,0.11638153728029119,0.15076965749891943,0.41614537547237546,-0.3068407817369092,80.30027641669543,0.6343469110035936,0.47642676729673195,0
0.04480557443559349,-0.04812797119104633,2.6936689000256306,0.11118931861186923,0.04872353208734398,0.1237239455973189,-0.0479629377117325,230.0730622644139,0.06355359423929874,0.0776144680971622,1
-0.02461648177008866,-0.2135709077699468,-2.603699910689778,0.4267267506701266,0.12051032912228311,0.30325595957895085,-0.05156706042757139,843.8425293658764,-0.07138740007304216,0.18359416261666794,0
-0.02950002669137147,0.14405498160924782,3.003198713426565,-0.3804524195047846,-0.11610931710345788,-0.3737271782781375,0.19106584749237632,-773.9973849646208,-0.1315125397645454,-0.2595759226262133,0
0.07063751499887806,-0.03372590061965669,4.656140794487622,0.2394066234187691,0.1590032623376952,0.5032118376885061,-0.3159134580027048,426.6947803774652,0.505071568864896,0.5185160602131844,0
-0.01858750663754685,-0.013420707059845102,0.4379873267779175,-0.04605497159708298,-0.04125053044664387,-0.1417003018964521,0.10627677730710611,-76.27344567074763,-0.16263966331355045,-0.17994326929874557,1
0.09543426656595745,0.16133682152644357,6.798100131290124,-0.12683649869723707,0.12520387057051197,0.27660382219010105,-0.3479563119938952,-370.49119413301895,0.6689393387546658,0.40176581004522255,0
0.02348110142085312,-0.14162858913304516,-0.2503887147676711,0.33495318292444365,0.06825190009416814,0.3767342744367858,-0.1597605734025346,634.2690372334702,0.12346291270232737,0.32724032575173934,0
-0.06933485643912825,-0.20573598211841926,-3.993225313224961,0.2378564264399405,-0.03375353110382943,-0.16518914900174833,0.1705095291759806,571.0919634937579,-0.560684294013049,-0.28405604458556966,0
0.002734287553168964,0.04393465042474749,-0.2606906123844491,0.024150122152025045,0.03900541600065106,0.1402483971826049,-0.0826257963019375,25.74673719036091,0.1481878048457081,0.14203665805018456,1
0.03339641473403152,0.10475902123774714,-1.0343500671981496,-0.11989578427254488,-0.03812856405800099,-0.051607374632047044,0.01186057644962033,-216.04828179441145,0.035028295217196,-0.012482631217045556,1
-0.02264654150652467,-0.04389989854612871,-3.125572733140548,0.028459555316620512,-0.049275491430737256,-0.07893967539158928,0.06327194360762006,44.1276328957318,-0.21838748607718936,-0.11030811279935851,1
0.00314190088420155,-0.027505629666770594,-1.963548994819638,0.05831779146554877,0.019903840667522918,0.08646889097407523,-0.0815057128017766,36.328148992790936,0.13596475607294703,0.09769197258176082,1
0.035478767125893346,0.24347578032911682,-1.0159323809594343,-0.4087818762373011,-0.10867149321685363,-0.2573545929183862,0.023729970822358247,-833.750462776435,0.11097114013926682,-0.14438595943397914,0
0.022466258680981625,0.09061706017802564,0.7177927211660605,-0.12409995567433316,-0.0269921181242487,-0.04058679128392971,0.0019751903836930872,-171.66027982378358,0.026431861849287502,-0.009031856000910693,1
-0.0024159794609034287,0.08204514214797498,-0.4668056803784637,-0.10359313848215493,-0.015283399354998027,-0.12939403368712274,0.06413023355170072,-297.31932677496286,-0.029536767027603824,-0.12255203348574917,1
0.05691393197480282,-0.030587676745541872,0.004836336519603617,0.04702401497349547,0.011704736834728858,0.09755287129745666,-0.10060247641525694,72.94512537331906,0.1079923434419443,0.11131727868564059,1
-0.005903378701277023,-0.1833120817290708,-0.38560086888237594,0.41177480014589996,0.10712512162035515,0.27738404420281493,-0.09933896045175829,819.0845629750934,-0.042511735174450664,0.20367999003587636,0
-0.025392442852340078,-0.01417004460411121,-0.18843550552784813,-0.0838004021646935,-0.07906852144096489,-0.12820120394429124,0.1333139997093865,-104.99790082643639,-0.17996078750648592,-0.15152449873980114,1
0.04010866210890462,0.048676596467191184,0.9842974703985676,0.0042297092720865416,0.030217006014046362,0.13510911281736765,-0.10262376998726211,10.983832951258751,0.20024656217157003,0.12748150211715037,1
0.007857043365123462,-0.019841301267306165,-1.4800435740203175,-0.09983841532135873,-0.049943230383482286,-0.08524224708771104,0.11059380815819433,-170.31031748515778,-0.1375014541624341,-0.1735143113497234,1
-0.023975698055020443,-0.07247264414290439,2.8729217253331263,0.07642920576955055,0.01487605624833565,-0.046053422076145295,0.06567383407175258,185.31020870205595,-0.16181145024090915,-0.08790428387827065,1
-0.10094963115436996,-0.2333629663659753,-3.7343556232226947,0.28315200160469,0.023904365577063408,-0.024687789329519986,0.2012578327173322,647.5609171240361,-0.426155295585528,-0.15293877319805457,0
0.0048559216827997005,-0.019512317783540404,-0.09063598697612017,0.05353211189260763,0.058953154744080645,0.1528858380140288,-0.024325518497697995,154.8923463407827,0.12987999143613896,0.12829674458710963,1
0.02011617922159102,-0.078106224347756,1.3159198913741463,0.12679933623828324,-0.012052323171730812,0.04465567569205515,-0.05050066622136872,287.5694338656327,-0.05391060941774295,0.03891050669733667,1
0.03707191832659158,0.2380905872773271,-0.7407281572262574,-0.40258023761698997,-0.0894734723272549,-0.18475488836303758,0.014084290255860712,-862.284899907199,0.19204929591168315,-0.07329151853228777,0
-0.02311695632201143,-0.04377368722989968,-5.372929938270648,0.10546669507320997,-0.009261999140384137,0.03346230879837493,0.005158961685796633,209.2284649926764,-0.09495470231814214,-0.03262615686884802,1
-0.007018442756301581,0.04107859325449535,0.39746882339417483,-0.10362620486453805,0.012754410015812572,-0.07573756807128122,0.04771089634337626,-208.27602159308236,-0.02899790135845786,-0.0928659404517723,1
-0.0811709601145839,0.06018950842107175,0.7695291068829209,-0.29069870377315354,-0.15609676057561128,-0.4275277173368823,0.27068677312232725,-459.51760818129895,-0.4722421153613162,-0.5065216052145638,0
0.009574262184647563,0.2620419338460298,-0.13560954894570626,-0.3721378223931893,-0.06843574660242349,-0.2030681162278068,-0.03470622312475373,-854.5470821993893,0.22554997157419074,-0.056962713325836994,0
-0.022425934821229683,0.011766992057587175,-3.0530280131105805,-0.1185549587913125,-0.06833060688417865,-0.14532765900411984,0.05299721288000893,-210.5958669144912,-0.11263592714339424,-0.13590216075901648,1
0.001900138916182272,0.06483557039435286,0.03985015962753544,0.019843838330194496,0.02274933213336858,0.13997717206165647,-0.1343083052191387,17.658172497764223,0.20995936007297453,0.16421342896836977,1
0.01911855438079822,-0.030670080558892494,0.19486953150559785,0.07445051000271802,0.02812031787613226,0.1115925038043508,-0.008421352731638939,223.1868099199535,0.028949652359780587,0.08780210850991704,1
0.02509763487080758,-0.17736659807986221,-0.8421535731156942,0.38045111343934923,0.1212853771642193,0.2931548539143266,-0.06436534881396744,803.7298466038486,0.03139301170603731,0.2445355142284883,0
-0.02803375549408651,0.14063810745922695,-0.24860362440496533,-0.3792888645426493,-0.10697142651542195,-0.3894617642503417,0.16022166422438802,-655.2118788923356,-0.18065788899606977,-0.3637783333873055,0
0.07980293605556037,0.004586932275341508,2.504708567783248,0.22380535465895235,0.1721673484251031,0.49434544521629015,-0.2840405831286301,434.8668988598542,0.541281055212829,0.5140910964240157,0
-0.0050745477312169225,0.27595369976058864,1.6438773909918423,-0.3633348118466249,-0.03173725251465805,-0.08148946075385274,-0.11226815155263208,-837.9329776438454,0.4110072393737192,0.03631316642341442,0
-0.08160600759424813,-0.25985200053389085,-8.618830361754894,0.2712855884958966,-0.04233101155459181,-0.16624113469337334,0.25575126002426124,654.3312429501102,-0.6287376710749637,-0.2836014547726078,0
0.058573021969061494,-0.08623979752247299,0.18523118642821543,0.3627505379719495,0.15006987111854755,0.37796574101836516,-0.1680491977111326,632.9500013627955,0.2578825953275281,0.34667258675222223,0
-0.01626447138075944,0.04727274153721416,-1.2000465971707275,-0.11167177612790616,0.05020912961075939,-0.017634252307239407,-0.016367722846631547,-212.89351609271313,0.05642068755001259,0.007258149952243248,1
-0.06658157844632397,-0.28443363230140817,-3.7129767956509854,0.33942849298379535,0.025291413576779023,0.03324367242943815,0.13467038958066613,783.9050917716967,-0.39812072632862455,-0.08438474236102661,0
0.07164487892369649,0.18712407360706126,3.050840936640632,-0.0846425419392871,0.045475969886128675,0.2951251999008284,-0.31583127606163447,-388.54508419522926,0.681270059781438,0.4017279616683443,0
0.04240736159346476,0.012530429309405051,0.08103644405761788,0.05827309855785327,0.06312221666199368,0.15792850350030999,-0.09932937371877888,66.88839510101454,0.21269526013273882,0.16641172769022292,1
0.09404404711571235,0.25750089362443895,6.325788625924303,-0.21251441754024478,0.06023240719320507,0.1848779417382358,-0.21786488560429573,-521.4925905869459,0.59637354567057,0.3242913172040645,0
-0.0069983041898822014,0.19920451804408706,1.68492318165713,-0.38694193346559186,-0.13083127630433677,-0.2829407225846493,0.052483673924648845,-843.7046391541263,0.024871561314619445,-0.18486341981464693,0
0.06520628472081312,0.1120823030185114,1.5993407511079638,0.09895638931878965,0.12232703635689587,0.44971982692277696,-0.3286742448678887,86.23260348879474,0.6203222624031017,0.4864161962520259,0
0.018657769840027646,-0.05258903314564166,-1.2361114111577225,0.13499320424658004,0.030780518803745893,0.08102983383166674,-0.041010882515336744,248.53742760811696,-0.012448415529989574,0.07267567415110919,1
0.04127712501860859,-0.051617274801498136,4.335838247726639,0.2556358959784913,0.1495338339339458,0.46638308815677193,-0.29612204323860775,495.25112552250056,0.45759202377337443,0.4578460862920869,0
-0.025574409887448205,-0.08337672102242626,-3.015759302994199,0.08504786185969124,-0.006209788179286289,-0.03602557150687861,0.07240029236039575,219.06924417281766,-0.19778067422349743,-0.10895230162496312,1
-0.07716662510080587,-0.20107622233467448,-8.712178963133304,0.11695954028429183,-0.0918197363648232,-0.33473057323049427,0.30847469591477655,345.3169316364944,-0.698199020488266,-0.44420195287841574,0
-0.007172637386189522,-0.0725422354394563,-4.085571357195729,0.06043841364351317,-0.032703388795368986,-0.08872639580875247,0.11852220427534033,209.11670225588333,-0.2244309522744141,-0.1325560680214174,1
0.05992857704365738,0.06613084750827235,2.1160298549539913,0.006036457447284834,0.05930964867869589,0.08569352466326162,-0.1482435622680157,-45.30900722547355,0.16470523197601394,0.12165733735060956,1
-0.10255204793903387,-0.12057016122624184,-5.481479239826162,-0.03468378444104338,-0.15807344341377877,-0.4035251827197351,0.34266364549854567,-18.00989250779936,-0.6532796037507381,-0.43820223523306717,0
0.058789344741170584,0.2025310298709727,1.0690899841659334,-0.04482670520683392,0.08431711183055896,0.38637312891805287,-0.3159247688261363,-223.24807614234774,0.7703102844124063,0.4682817100370986,0
-0.06070108496135916,-0.08694727825448305,-6.2676181104272946,-0.11590792415268895,-0.12294108700990794,-0.4250418493748255,0.35956155314258414,-87.29159099993838,-0.6368721702980021,-0.47987496376075184,0
0.02990789377673305,0.2985397215664168,5.413004495707762,-0.3563910795671374,-0.04911113841286961,-0.08714226901289628,-0.08021656940509025,-802.8730274038259,0.37350382706595536,0.02970633751684132,0
0.07095219972878282,0.05509035298213598,6.97099666403511,0.17179016440728373,0.17287383302852669,0.507685800687916,-0.3230249538038628,240.28859036934597,0.5972230201455592,0.5057103723375223,0
-0.04818431605517763,-0.2614184304516729,-4.747932423718371,0.38238529114113295,0.057394013435266115,0.1153346331405589,0.05517440953296827,823.4858547898122,-0.30679009988160083,-0.004630319824222073,0
0.022497857458500265,0.21230642435396457,3.630515777913302,-0.33020678305712275,-0.06309933433817644,-0.13512369639943977,-0.041536362236804,-727.7676718861139,0.23785542141980673,-0.03789126984684968,0
-0.10707177356784055,-0.12835017488532954,-2.136116592648762,0.034030343134775175,-0.0772557405364388,-0.3616217677673406,0.28844775013630497,114.71373905862846,-0.5926016756831706,-0.4257635300241037,0
-0.041180442864998924,-0.02309032246251208,-4.013083413804618,0.012357170273844422,-0.060118103777971,-0.16560691043269424,0.1272244323195651,1.6800682578541348,-0.24325277662025693,-0.15502081851303426,1
0.004188596771732321,0.12933119284169659,3.3415773366716244,-0.3713443311756446,-0.15768641627540925,-0.38702441814775773,0.18256710271789361,-718.6620080412304,-0.09376103519506856,-0.30119967242617685,0
-0.023601842867546134,-0.04040952294027335,-3.006958164806892,0.08782971948595876,-0.020047398502313137,-0.016821024719055867,0.018761470275480172,207.55763310764178,-0.10363016751609212,-0.030220159569490587,1
-0.0826277672625339,-0.0033982897435048103,-7.658393771978105,-0.17688010209793403,-0.1597331001876965,-0.5321346331241541,0.37273353040574586,-313.33049582606526,-0.613181229859716,-0.5096342690583254,0
-0.09252089834473777,-0.13433560979688397,-1.3276445332974511,-0.052213499169336375,-0.09877594644774236,-0.396941116551283,0.3276785645730766,19.7763754875451,-0.6411156679477031,-0.45375139245458795,0
0.027731202520461105,-0.14529790920137897,2.172497662898832,0.3389883761477265,0.12224898888293323,0.3865553791770947,-0.16576520824360622,738.3530161761397,0.21576164445843923,0.36775582785722266,0
0.040333279877214016,0.017198105589469416,3.647053994876337,-0.007460532391616889,-0.0035519292028122935,0.13536089408200305,-0.11626020551226939,-58.19176478472591,0.23684850802577687,0.1497468620253046,1
0.06576781096780605,0.2593616073278466,1.4317615853974812,-0.300571634795599,0.00831962362114444,0.08064246111701395,-0.18726163179566602,-732.5805834445093,0.5315409785693052,0.20997725172732712,0
-0.16103801725108982,-0.1319699843577939,-3.637125173619678,-0.046863601952106974,-0.12258941870891041,-0.4281625385445347,0.3177936596050937,-0.3707606924300555,-0.6762446705951299,-0.4652731635909914,0
